player_name,player_id,team,position,sim_mean_salary,sim_median_salary,sim_p25_salary,sim_p75_salary,sim_salary_std,sim_mean_score,fmv_band
Nikola Jokić,203999,DEN,C,46239453.0,46239453.0,46239453.0,46239453.0,0.0,29.5805,star
Shai Gilgeous-Alexander,1628983,OKC,PG,45803540.44,45823505.9,45823505.9,45823505.9,88915.44,26.0636,star
Kevin Durant,201142,HOU,SF,45427524.25,45407558.79,45407558.79,45407558.79,88915.44,25.0013,star
Jamal Murray,1627750,DEN,PG,44459199.4,44575664.59,44159717.48,44991611.69,582860.49,21.6606,star
LeBron James,2544,LAL,SF,44373098.35,44575664.59,44159717.48,44991611.69,606745.65,21.5948,star
James Harden,201935,CLE,PG,43870218.3,43743770.38,43327823.28,44575664.59,680373.52,21.2437,star
Cade Cunningham,1630595,DET,PG,43789940.51,43743770.38,43327823.28,44159717.48,673870.12,21.1836,star
Tyrese Maxey,1630178,PHI,PG,43726300.6,43743770.38,43327823.28,44159717.48,691052.77,21.1438,star
Derrick White,1628401,BOS,PG,43331982.75,43327823.28,42911876.17,43743770.38,644369.06,20.9034,star
Desmond Bane,1630217,ORL,PG,41990553.34,42079981.97,41664034.86,42495929.07,624582.35,19.9397,star
Anthony Edwards,1630162,MIN,PG,41852458.9,42079981.97,41248087.76,42495929.07,640584.33,19.8459,star
Donovan Mitchell,1628378,CLE,PG,41753463.49,41664034.86,41248087.76,42079981.97,671310.15,19.7793,star
Jalen Brunson,1628973,NYK,PG,41642821.56,41664034.86,41248087.76,42079981.97,677929.85,19.7159,star
Luka Dončić,1629029,LAL,SG,40716507.36,40832140.66,40416193.55,41248087.76,699572.58,19.1259,star
Devin Booker,1626164,PHX,PG,40287249.95,40416193.55,40000246.45,40832140.66,749386.17,18.8591,star
Jalen Johnson,1630552,ATL,SF,39699932.64,40000246.45,39168352.24,40416193.55,878300.26,18.5355,star
De'Aaron Fox,1628368,SAS,PG,39406273.98,39584299.34,38752405.14,40000246.45,871983.87,18.3794,star
Alperen Sengun,1630578,HOU,C,39055630.58,39168352.24,38336458.03,39584299.34,951015.46,18.1957,star
Miles Bridges,1628970,CHA,SF,38670463.56,38752405.14,37920510.93,39168352.24,975676.7,18.0159,star
VJ Edgecombe,1642845,PHI,PG,38360998.91,38336458.03,37920510.93,39168352.24,994585.02,17.8837,star
Deni Avdija,1630166,POR,SF,38064844.57,37920510.93,37504563.83,38752405.14,937920.69,17.7413,star
Scottie Barnes,1630567,TOR,SG,37297107.54,37088616.72,36672669.62,37920510.93,1027615.26,17.3866,star
Cooper Flagg,1642843,DAL,SF,37104684.01,37088616.72,36672669.62,37920510.93,1010268.77,17.2989,star
Kawhi Leonard,202695,LAC,SF,37062518.71,37088616.72,36256722.52,37504563.83,1006585.79,17.2768,star
Nickeil Alexander-Walker,1629638,ATL,PG,36345415.24,36256722.52,35840775.41,37088616.72,1440979.72,16.9748,star
Victor Wembanyama,1641705,SAS,PF,35331234.88,35840775.41,35008881.21,36256722.52,1974654.33,16.609,star
Trey Murphy III,1630530,NOP,SF,33219914.05,34592934.1,28455048.0,35424828.31,3277148.56,16.1845,core
Paolo Banchero,1631094,ORL,SF,33109501.42,34592934.1,28455048.0,35424828.31,3276637.03,16.1633,core
Dyson Daniels,1630700,ATL,PG,32875472.51,34592934.1,28455048.0,35424828.31,3382656.72,16.1223,core
Toumani Camara,1641739,POR,SF,32847300.1,34592934.1,28455048.0,35424828.31,3407992.81,16.1323,core
Matas Buzelis,1641824,CHI,SF,30196789.17,28199080.55,27687145.66,34592934.1,3525181.94,15.7648,core
Karl-Anthony Towns,1626157,NYK,PF,29266678.12,27943113.1,27431178.21,28455048.0,3209614.47,15.6341,core
Payton Pritchard,1630202,BOS,PG,29137542.54,27943113.1,27175210.76,28455048.0,3122846.86,15.615,core
Josh Hart,1628404,NYK,PG,28896501.19,27943113.1,27175210.76,28455048.0,3039695.15,15.5736,core
Kon Knueppel,1642851,CHA,SG,27217381.4,26919243.31,26151340.97,27687145.66,2092544.79,15.1936,core
Austin Reaves,1630559,LAL,PG,26975012.22,26663275.86,25895373.52,27687145.66,1866349.23,15.1319,core
Jabari Smith Jr.,1631095,HOU,SF,26915147.83,26919243.31,25895373.52,27431178.21,1532213.49,15.1633,core
Jaden McDaniels,1630183,MIN,SF,26889897.71,26663275.86,25895373.52,27431178.21,1678693.79,15.126,core
Josh Giddey,1630581,CHI,PG,26770366.24,26663275.86,25895373.52,27431178.21,1703012.22,15.0902,core
CJ McCollum,203468,ATL,PG,26184024.81,25895373.52,25383438.62,26919243.31,1421323.08,14.8654,core
Donte DiVincenzo,1628978,MIN,PG,26014030.43,25895373.52,25127471.17,26663275.86,1301334.72,14.8035,core
Pascal Siakam,1627783,IND,SF,25898679.76,25895373.52,25127471.17,26663275.86,1168373.28,14.7664,core
Bam Adebayo,1628389,MIA,PF,25892381.9,25639406.07,25127471.17,26407308.41,1277280.95,14.7541,core
Michael Porter Jr.,1629008,BKN,SF,25845433.2,25639406.07,25127471.17,26663275.86,1215280.52,14.7447,core
Mikal Bridges,1628969,NYK,SG,25482588.68,25383438.62,24871503.72,26151340.97,1013552.41,14.5947,core
Royce O'Neale,1626220,PHX,SF,24590963.4,24615536.28,24103601.38,25127471.17,916377.19,14.1746,core
Brandon Ingram,1627742,TOR,SF,23670760.42,23591666.48,23079731.59,24359568.83,912319.08,13.7177,core
Julius Randle,203944,MIN,PF,23555063.14,23591666.48,22823764.14,24103601.38,882421.6,13.6686,core
Amen Thompson,1641708,HOU,SG,23482368.38,23591666.48,22823764.14,24103601.38,923566.27,13.6348,core
Brandin Podziemski,1641764,GSW,PG,23372814.31,23335699.03,22567796.69,24103601.38,921268.59,13.5778,core
Evan Mobley,1630596,CLE,C,23292696.5,23335699.03,22567796.69,23847633.93,880460.16,13.5394,core
Stephen Curry,201939,GSW,PG,23182118.57,23079731.59,22567796.69,23847633.93,922974.75,13.487,core
Rudy Gobert,203497,MIN,C,23179814.86,23079731.59,22567796.69,23847633.93,904334.08,13.4771,core
Brandon Miller,1641706,CHA,SF,23092529.96,23079731.59,22311829.24,23847633.93,878438.37,13.4399,core
Giannis Antetokounmpo,203507,MIL,SF,22726859.13,22567796.69,22055861.79,23335699.03,857653.74,13.2509,core
Immanuel Quickley,1630193,TOR,PG,22624269.51,22311829.24,22055861.79,23079731.59,822815.11,13.1926,core
Jalen Duren,1631105,DET,C,22282094.36,22055861.79,21799894.34,22567796.69,732817.74,13.0091,core
Nikola Vučević,202696,BOS,C,21721408.33,21543926.9,21543926.9,21799894.34,499344.1,12.5827,starter
Onyeka Okongwu,1630168,ATL,PF,21263301.25,21287959.45,21031992.0,21341286.0,267187.34,11.9608,starter
Stephon Castle,1642264,SAS,PG,21208364.24,21287959.45,21031992.0,21341286.0,265877.15,11.8592,starter
DeMar DeRozan,201942,SAC,SG,21075602.45,21149310.41,20957334.83,21341286.0,289134.0,11.5251,starter
Naji Marshall,1630230,DAL,SF,20906546.62,20957334.83,20765359.24,21149310.41,352007.49,11.2874,starter
Zion Williamson,1629627,NOP,SF,20874774.66,20957334.83,20573383.66,21149310.41,370917.03,11.2134,starter
Jaylen Brown,1627759,BOS,SG,20864365.32,20957334.83,20573383.66,21149310.41,354059.54,11.2117,starter
Andrew Wiggins,203952,MIA,SF,20583217.07,20573383.66,20381408.07,20957334.83,425548.28,10.8754,starter
Jrue Holiday,201950,POR,PG,20470410.08,20381408.07,20189432.48,20765359.24,457399.58,10.7629,starter
OG Anunoby,1628384,NYK,SG,19896477.74,19997456.9,19613505.72,20189432.48,556044.42,10.245,starter
Max Christie,1631108,DAL,PG,19769581.88,19805481.31,19421530.14,20189432.48,574068.99,10.1361,starter
Darius Garland,1629636,LAC,PG,19647368.08,19613505.72,19229554.55,19997456.9,613255.57,10.0458,starter
Quentin Grimes,1629656,PHI,PG,19426521.5,19421530.14,19037578.97,19997456.9,671676.57,9.8891,starter
Jerami Grant,203924,POR,SF,19319975.05,19421530.14,18845603.38,19805481.31,690182.51,9.8179,starter
Jaime Jaquez Jr.,1631170,MIA,PG,19156795.8,19229554.55,18653627.79,19613505.72,664617.12,9.6974,starter
Keyonte George,1641718,UTA,PG,18946673.19,19037578.97,18461652.21,19421530.14,716492.99,9.5634,starter
P.J. Washington,1629023,DAL,SF,18722930.98,18653627.79,18269676.62,19229554.55,750393.23,9.4204,starter
Grayson Allen,1628960,PHX,PG,18707764.91,18653627.79,18269676.62,19229554.55,718934.5,9.4164,starter
Rui Hachimura,1629060,LAL,SF,18680978.98,18653627.79,18269676.62,19229554.55,709614.13,9.3894,starter
Tyler Herro,1629639,MIA,PG,18179117.47,18269676.62,17693749.86,18653627.79,743396.11,9.0873,starter
Cameron Johnson,1629661,DEN,SF,18033914.6,18077701.03,17501774.28,18461652.21,750305.12,8.9999,starter
Norman Powell,1626181,MIA,PG,17939078.66,17885725.45,17501774.28,18461652.21,752753.74,8.9288,starter
Franz Wagner,1630532,ORL,SF,17908394.57,17885725.45,17501774.28,18461652.21,740906.95,8.9158,starter
Saddiq Bey,1630180,NOP,SG,17403392.12,17501774.28,16925847.52,17885725.45,727843.82,8.5915,starter
Jimmy Butler III,202710,GSW,SF,17300306.56,17309798.69,16925847.52,17693749.86,677381.47,8.5256,starter
Devin Vassell,1630170,SAS,SG,17029210.37,17117823.1,16541896.34,17501774.28,663324.18,8.3096,starter
Shaedon Sharpe,1631101,POR,PG,16959864.52,16925847.52,16465906.01,17501774.28,653888.2,8.2241,starter
Peyton Watson,1631212,DEN,PG,16928513.84,16925847.52,16349920.76,17501774.28,674707.63,8.2227,starter
LaMelo Ball,1630163,CHA,PG,16877741.63,16925847.52,16349920.76,17464445.69,662007.78,8.0443,starter
Paul George,202331,PHI,SF,16860757.13,16925847.52,16349920.76,17309798.69,650446.04,8.099,starter
Christian Braun,1631128,DEN,PG,16857088.26,16925847.52,16349920.76,17309798.69,640831.03,8.0514,starter
Ivica Zubac,1627826,IND,C,16809291.67,16824527.07,16344588.1,17309798.69,648596.06,7.8903,starter
Brook Lopez,201572,LAC,C,16795661.41,16824527.07,16184608.45,17304466.03,642256.24,7.7337,starter
Anthony Black,1641710,ORL,PG,16794504.22,16824527.07,16184608.45,17309798.69,649207.72,7.7623,starter
Wendell Carter Jr.,1628976,ORL,PF,16794034.95,16824527.07,16184608.45,17309798.69,658046.16,7.6089,starter
AJ Green,1631260,MIL,PG,16768864.81,16824527.07,16184608.45,17304466.03,646775.5,7.5939,starter
Ryan Rollins,1631157,MIL,PG,16756695.69,16824527.07,16184608.45,17304466.03,642022.97,7.4706,starter
Lauri Markkanen,1628374,UTA,PF,16748046.13,16824527.07,16184608.45,17304466.03,662760.08,7.513,starter
Chet Holmgren,1631096,OKC,PF,16743257.4,16824527.07,16184608.45,17304466.03,663154.73,7.4852,starter
Davion Mitchell,1630558,MIA,PG,16602325.99,16664547.41,16024628.79,17144486.38,693296.52,7.2738,starter
Kyshawn George,1642273,WAS,SF,16524474.56,16504567.76,16024628.79,16984506.72,684880.56,7.2182,starter
Russell Westbrook,201566,SAC,PG,16335154.64,16344588.1,15864649.14,16824527.07,711717.42,7.0501,starter
Anthony Davis,203076,DAL,PF,16020314.67,16024628.79,15544689.83,16504567.76,718178.96,6.831,starter
Collin Gillespie,1631221,PHX,PG,16019296.14,16024628.79,15384710.17,16504567.76,744483.81,6.8392,starter
Jaren Jackson Jr.,1628991,UTA,PF,15989326.62,15864649.14,15384710.17,16504567.76,744667.36,6.8152,starter
Jayson Tatum,1628369,BOS,SG,15941929.98,15864649.14,15384710.17,16504567.76,719825.65,6.7947,starter
Keegan Murray,1631099,SAC,SF,15882588.19,15864649.14,15384710.17,16344588.1,708641.44,6.7438,starter
Derik Queen,1642852,NOP,C,15877186.21,15864649.14,15384710.17,16344588.1,729693.69,6.7451,starter
Zach LaVine,203897,SAC,PG,15784915.28,15704669.48,15224730.52,16344588.1,732309.28,6.6764,starter
Donovan Clingan,1642270,POR,C,15557829.49,15544689.83,15064750.86,16024628.79,678631.21,6.5348,starter
RJ Barrett,1629628,TOR,SG,15508315.79,15384710.17,15064750.86,15864649.14,661225.91,6.5033,starter
Tobias Harris,202699,DET,SF,15096746.79,14904771.21,14744791.55,15384710.17,554047.22,6.2026,starter
Joel Embiid,203954,PHI,PF,14979001.77,14904771.21,14584811.9,15224730.52,533687.53,6.0955,starter
Herbert Jones,1630529,NOP,SF,14544497.02,14584811.9,14264852.59,14744791.55,415716.18,5.675,starter
Domantas Sabonis,1627734,SAC,PF,14424314.97,14424832.24,14104872.93,14584811.9,417712.69,5.5345,starter
Andrew Nembhard,1629614,IND,SG,14186462.56,14227524.0,13944893.28,14424832.24,389736.62,5.2505,starter
Dillon Brooks,1628415,PHX,SG,14102899.85,14104872.93,13904898.36,14424832.24,373441.97,5.1614,starter
Julian Champagnie,1630577,SAS,SF,14008719.83,13944893.28,13784913.62,14264852.59,359033.94,5.049,starter
Collin Sexton,1629012,CHI,PG,13841317.12,13784913.62,13624933.97,14104872.93,358291.02,4.7976,starter
Duncan Robinson,1629130,DET,SF,13698551.27,13624933.97,13464954.31,13944893.28,351556.8,4.52,starter
Ja Morant,1629630,MEM,PG,13672069.31,13624933.97,13459621.66,13944893.28,367167.43,4.3775,starter
Jalen Williams,1631114,OKC,SG,13662294.55,13624933.97,13304974.66,13971556.55,378354.57,4.2755,starter
Kel'el Ware,1642276,MIA,C,13604365.92,13624933.97,13304974.66,13971556.55,448413.86,4.0806,starter
Kevin Porter Jr.,1629645,MIL,SG,13582102.08,13624933.97,13304974.66,13971556.55,473890.15,3.9759,starter
Ayo Dosunmu,1630245,MIN,PG,13579531.74,13624933.97,13304974.66,13971556.55,498539.43,3.9922,starter
Bennedict Mathurin,1631097,LAC,SG,13560723.47,13587605.38,13304974.66,13971556.55,480112.52,3.913,starter
Marcus Smart,203935,LAL,PG,13538390.31,13587605.38,13203654.21,13944893.28,490517.92,3.9554,starter
Harrison Barnes,203084,SAS,SF,13442423.84,13464954.31,13144995.0,13843572.83,563851.02,3.7665,starter
Coby White,1629632,CHA,PG,13430484.03,13464954.31,13144995.0,13843572.83,586145.09,3.7542,starter
Draymond Green,203110,GSW,SF,13029433.7,13203654.21,12563735.59,13587605.38,753857.16,3.4268,starter
Anfernee Simons,1629014,CHI,PG,12881473.85,12947686.76,12307768.14,13459621.66,771747.68,3.335,starter
Tre Jones,1630200,CHI,PG,12830634.98,12947686.76,12307768.14,13459621.66,816031.4,3.3173,starter
Jalen Suggs,1630591,ORL,PG,12750391.85,12819703.03,12179784.41,13331637.93,801201.4,3.2685,starter
Jarrett Allen,1628386,CLE,C,12727330.78,12819703.03,12179784.41,13331637.93,784797.55,3.2315,starter
Bobby Portis,1626171,MIL,SF,12621864.19,12691719.31,12179784.41,13203654.21,798726.68,3.1817,starter
Kyle Kuzma,1628398,MIL,SF,12472237.89,12563735.59,11923816.97,13075670.48,809692.89,3.098,starter
Naz Reid,1629675,MIN,PF,12467238.52,12563735.59,11923816.97,13075670.48,836764.27,3.1006,starter
Kelly Oubre Jr.,1626162,PHI,SG,12333111.58,12307768.14,11667849.52,12947686.76,848272.63,3.025,starter
Ty Jerome,1629660,MEM,SG,12314196.65,12307768.14,11795833.24,12947686.76,813314.98,3.0059,starter
Zach Edey,1641744,MEM,C,12265909.46,12307768.14,11667849.52,12819703.03,815052.41,2.9736,starter
Myles Turner,1626167,MIL,PF,12214033.39,12179784.41,11667849.52,12819703.03,795810.89,2.9434,starter
Kyle Filipowski,1642271,UTA,C,12195870.37,12179784.41,11539865.79,12691719.31,802145.56,2.9269,starter
Nic Claxton,1629651,BKN,C,12160800.16,12179784.41,11539865.79,12691719.31,802709.47,2.9212,starter
Bub Carrington,1642267,WAS,PG,11996842.35,11923816.97,11411882.07,12563735.59,790633.72,2.8162,rotation
Maxime Raynaud,1642875,SAC,C,11934927.55,11923816.97,11411882.07,12449083.5,768118.88,2.7583,rotation
Grant Williams,1629684,CHA,SF,11741056.21,11777168.95,11155914.62,12307768.14,741922.4,2.5926,rotation
Julian Reese,1642882,WAS,SF,11726911.34,11667849.52,11155914.62,12225111.98,712999.89,2.5917,rotation
Jeremiah Fears,1642847,NOP,PG,11705634.05,11667849.52,11143249.56,12225111.98,734404.98,2.5814,rotation
Reed Sheppard,1642263,HOU,PG,11509925.6,11441211.67,11019265.34,12051800.69,666356.77,2.3248,rotation
De'Anthony Melton,1629001,GSW,PG,11492925.1,11539865.79,10969938.27,12001140.47,665795.03,2.269,rotation
Cormac Ryan,1642504,MIL,PG,11476911.13,11411882.07,11019265.34,12001140.47,632222.09,2.2993,rotation
Cedric Coward,1642907,MEM,PG,11403941.75,11411882.07,10881282.88,12001140.47,691169.96,2.098,rotation
Trae Young,1629027,WAS,PG,11389735.55,11441211.67,10881282.88,12001140.47,711339.02,2.0235,rotation
Klay Thompson,202691,DAL,PG,11379166.23,11411882.07,10881282.88,12001140.47,709969.35,1.962,rotation
Malik Monk,1628370,SAC,PG,11340909.76,11411882.07,10771963.45,12001140.47,708012.12,1.9462,rotation
Aaron Nesmith,1630174,IND,SG,11314566.44,11329225.91,10771963.45,11889154.71,703062.92,1.9204,rotation
Deandre Ayton,1629028,LAL,C,11305372.95,11329225.91,10771963.45,11889154.71,719355.78,1.9248,rotation
Scotty Pippen Jr.,1630590,MEM,PG,11303415.86,11329225.91,10771963.45,11943147.85,742172.19,1.9166,rotation
Jalen Green,1630224,PHX,PG,11266215.26,11250569.25,10769297.12,11889154.71,770588.08,1.829,rotation
Scoot Henderson,1630703,POR,PG,11172869.8,11217240.16,10643979.72,11777168.95,779353.48,1.776,rotation
Dylan Harper,1642844,SAS,PG,11126521.03,11105254.4,10626648.59,11777168.95,771776.54,1.7394,rotation
Ace Bailey,1642846,UTA,SF,11075191.55,11105254.4,10515996.0,11777168.95,817813.67,1.665,rotation
Luke Kennard,1628379,LAL,PG,11064814.21,11027930.9,10515996.0,11777168.95,815925.12,1.6718,rotation
Cam Thomas,1630560,MIL,PG,11033823.48,10993268.64,10515996.0,11667849.52,823647.4,1.6573,rotation
John Collins,1628381,LAC,PF,10938014.33,10993268.64,10382679.62,11553197.43,820372.12,1.5857,rotation
Bez Mbeng,1643016,UTA,PG,10898837.98,10881282.88,10382679.62,11465875.2,810004.72,1.5437,rotation
Cason Wallace,1641717,OKC,PG,10837611.1,10769297.12,10209368.33,11553197.43,853025.34,1.5063,rotation
Keldon Johnson,1629640,SAS,SG,10701951.02,10657311.36,10094716.24,11329225.91,855084.68,1.4201,rotation
Kennedy Chandler,1631113,UTA,PG,10687235.56,10657311.36,10094716.24,11329225.91,871278.27,1.4088,rotation
Jonathan Kuminga,1630228,ATL,SF,10628976.3,10545325.6,9985396.81,11329225.91,888069.24,1.3785,rotation
Sam Hauser,1630573,BOS,SF,10614034.2,10545325.6,9985396.81,11217240.16,853629.72,1.3692,rotation
Malachi Smith,1641869,BKN,PG,10580545.12,10530660.8,9873411.05,11217240.16,880623.32,1.3552,rotation
Tristan da Silva,1641783,ORL,SF,10570583.72,10545325.6,9985396.81,11105254.4,849086.16,1.3372,rotation
Jaden Ivey,1631093,CHI,PG,10516939.88,10478667.41,9902740.66,11105254.4,832194.67,1.3177,rotation
Kris Dunn,1627739,LAC,PG,10396181.9,10321354.09,9761425.29,10881282.88,792403.88,1.2263,rotation
Miles McBride,1630540,NYK,PG,10299314.22,10286691.83,9649439.53,10771963.45,850631.7,1.1815,rotation
Javon Small,1642914,MEM,PG,10269478.02,10209368.33,9649439.53,10670643.0,801853.45,1.1403,rotation
Dennis Schröder,203471,CLE,PG,10235031.73,10200036.18,9649439.53,10670643.0,815701.15,1.1042,rotation
D'Angelo Russell,1626156,DAL,PG,10210813.48,10190704.03,9649439.53,10670643.0,832139.49,1.1023,rotation
Ryan Kalkbrenner,1641750,CHA,C,10062080.39,10094716.24,9518789.48,10574655.21,825527.74,0.9931,rotation
Taurean Prince,1627752,MIL,SF,10010119.0,9998728.45,9518789.48,10478667.41,802381.96,0.9678,rotation
Luguentz Dort,1629652,OKC,PG,9895373.59,9902740.66,9425468.02,10382679.62,754392.15,0.8928,rotation
Tari Eason,1631106,HOU,SF,9884412.32,9902740.66,9422801.69,10382679.62,772644.81,0.8848,rotation
Aaron Gordon,203932,DEN,SF,9884404.32,9873411.05,9326813.9,10382679.62,797373.09,0.8844,rotation
Jusuf Nurkić,203994,UTA,C,9875674.76,9902740.66,9326813.9,10382679.62,801054.49,0.8729,rotation
T.J. McConnell,204456,IND,PG,9862260.47,9902740.66,9326813.9,10433339.84,800487.84,0.8717,rotation
Jaylen Wells,1642377,MEM,SF,9800481.66,9806752.86,9326813.9,10286691.83,787783.68,0.8285,rotation
Bilal Coulibaly,1641731,WAS,PG,9794695.73,9806752.86,9326813.9,10336685.47,797068.38,0.8156,rotation
Santi Aldama,1630583,MEM,PF,9791362.82,9806752.86,9313482.26,10321354.09,778400.69,0.8187,rotation
Sion James,1642883,CHA,PG,9704053.92,9710765.07,9230826.1,10286691.83,775294.15,0.7531,rotation
Sam Merrill,1630241,CLE,PG,9578885.84,9614777.28,9038850.52,10190704.03,853211.32,0.672,rotation
Isaiah Hartenstein,1628392,OKC,PF,9456181.44,9518789.48,8846874.93,10094716.24,833495.81,0.6024,rotation
Khris Middleton,203114,DAL,SF,9436096.0,9518789.48,8846874.93,9998728.45,809732.63,0.5992,rotation
Marvin Bagley III,1628963,DAL,SF,9430832.67,9518789.48,8812212.67,10094716.24,851829.36,0.5854,rotation
Dejounte Murray,1627749,NOP,PG,9400628.51,9422801.69,8812212.67,9998728.45,827740.9,0.5533,rotation
Ajay Mitchell,1642349,OKC,PG,9364281.13,9422801.69,8750887.14,9998728.45,799944.43,0.541,rotation
Mark Williams,1631109,PHX,C,9343897.06,9326813.9,8732222.84,9998728.45,862430.38,0.5301,rotation
DeJon Jarreau,1630610,MEM,PG,9253415.23,9230826.1,8652233.02,9902740.66,834236.52,0.4654,rotation
Leaky Black,1641778,WAS,SF,9236382.73,9230826.1,8572243.19,9902740.66,857604.38,0.4621,rotation
Caris LeVert,1627747,DET,PG,9076605.72,9038850.52,8462923.76,9710765.07,841129.27,0.3673,rotation
Daniel Gafford,1629655,DAL,PF,9074803.28,9038850.52,8462923.76,9710765.07,895333.79,0.3669,rotation
Alex Sarr,1642259,WAS,C,8984574.75,8846874.93,8366935.97,9614777.28,853216.89,0.3162,rotation
Jake LaRavia,1631222,LAL,SF,8976021.17,8942862.72,8332273.71,9649439.53,893922.28,0.3196,rotation
Isaiah Jackson,1630543,LAC,SF,8921852.06,8812212.67,8332273.71,9518789.48,877656.12,0.2814,rotation
Day'Ron Sharpe,1630549,BKN,C,8886739.19,8812212.67,8270948.17,9518789.48,869244.57,0.2596,rotation
Tyler Burton,1631174,MEM,SF,8778712.93,8732222.84,8174960.38,9326813.9,881233.06,0.1969,rotation
Kentavious Caldwell-Pope,203484,MEM,PG,8729993.79,8654899.34,8174960.38,9326813.9,848652.62,0.1648,rotation
Isaiah Joe,1630198,OKC,PG,8608289.27,8572243.19,8078972.59,9201496.5,864931.43,0.0988,rotation
Mike Conley,201144,MIN,PG,8553309.6,8558911.55,8078972.59,9038850.52,846916.99,0.0828,rotation
Zaccharie Risacher,1642258,ATL,SF,8532613.56,8492253.36,8012314.4,9134838.31,887436.44,0.0639,rotation
Daniss Jenkins,1642450,DET,PG,8459094.91,8462923.76,7970319.74,8942862.72,901326.7,0.0148,rotation
Vít Krejčí,1630249,POR,PG,8401619.55,8412263.53,7932324.57,8846874.93,866104.06,-0.0002,rotation
Micah Potter,1630695,IND,C,8347274.47,8412263.53,7886997.0,8846874.93,896000.48,-0.0478,rotation
Jordan Poole,1629673,NOP,PG,8334468.09,8332273.71,7852334.74,8846874.93,876523.97,-0.0504,rotation
GG Jackson,1641713,MEM,SF,8320792.5,8366935.97,7886997.0,8812212.67,890379.61,-0.0592,rotation
John Poulakidas,1642967,DAL,PG,8210590.51,8270948.17,7692355.09,8732222.84,896470.99,-0.1224,rotation
Kristaps Porziņģis,204001,GSW,PF,8154624.3,8252283.88,7612365.26,8732222.84,890564.5,-0.1437,rotation
Tre Johnson,1642848,WAS,PG,8131328.59,8252283.88,7532375.43,8654899.34,930490.03,-0.162,rotation
Bogdan Bogdanović,203992,LAC,PG,8047352.61,8092304.22,7372395.78,8652233.02,944956.75,-0.201,rotation
Buddy Hield,1627741,ATL,PG,7899806.04,8078972.59,7292405.95,8558911.55,940702.45,-0.2809,rotation
Alex Caruso,1627936,OKC,PG,7874238.62,7982984.79,7132426.29,8492253.36,944432.04,-0.2795,rotation
Jamal Shead,1642347,TOR,PG,7857587.41,7932324.57,7192418.66,8492253.36,948461.95,-0.3063,rotation
Al Horford,201143,GSW,PF,7855731.64,8012314.4,7113762.0,8492253.36,983822.95,-0.3039,rotation
Derrick Jones Jr.,1627884,LAC,SF,7840890.86,7982984.79,7098430.62,8492253.36,964305.82,-0.2947,rotation
Oso Ighodaro,1642345,PHX,SF,7776539.05,7932324.57,7049770.14,8492253.36,951957.39,-0.3448,rotation
Jaylin Williams,1631119,OKC,SF,7743985.85,7886997.0,6985778.28,8412263.53,948466.81,-0.359,rotation
Moses Moody,1630541,GSW,PG,7548909.33,7532375.43,6892456.81,8252283.88,918865.87,-0.4596,rotation
Quinten Post,1642366,GSW,C,7371811.85,7292405.95,6732477.16,8112301.68,980697.16,-0.5338,rotation
Patrick Williams,1630172,CHI,SF,7338168.13,7212416.12,6732477.16,8092304.22,1018193.17,-0.5495,rotation
Keon Ellis,1631165,CLE,PG,7317688.07,7292405.95,6729810.83,8092304.22,1011989.14,-0.5579,rotation
Jarace Walker,1641716,IND,SF,7317288.12,7212416.12,6731810.58,8078972.59,985663.51,-0.5588,rotation
Walter Clayton Jr.,1642383,MEM,PG,7298706.48,7212416.12,6665818.97,8092304.22,1005197.57,-0.5628,rotation
Jalen Slawson,1641771,IND,SF,7297090.69,7212416.12,6729810.83,8078972.59,1011450.67,-0.5717,rotation
Ronald Holland II,1641842,DET,SF,7281865.96,7132426.29,6652487.33,8078972.59,1022547.85,-0.574,rotation
Jamir Watkins,1642364,WAS,SF,7218572.67,7132426.29,6652487.33,7982984.79,994094.68,-0.601,rotation
Will Riley,1642860,WAS,SF,7184600.99,7113762.0,6601827.1,7982984.79,1055133.66,-0.6124,rotation
Lonzo Ball,1628366,CLE,PG,7142243.71,7052436.47,6572497.5,7982984.79,1033696.55,-0.6422,rotation
Taylor Hendricks,1641707,MEM,SF,7114193.95,7052436.47,6563831.94,7932324.57,1042274.17,-0.6486,rotation
Jordan Clarkson,203903,NYK,PG,7064634.91,6985778.28,6473843.38,7886997.0,1037531.48,-0.6712,rotation
Collin Murray-Boyles,1642867,TOR,SF,7062016.58,7017774.21,6572497.5,7772344.91,1006456.72,-0.6771,rotation
Aaron Wiggins,1630598,OKC,PG,6967900.55,6972446.64,6409851.52,7692355.09,1056652.23,-0.7216,rotation
Jordan Goodwin,1630692,PHX,PG,6898717.35,6907121.61,6345859.66,7532375.43,1001242.13,-0.7457,rotation
Brice Sensabaugh,1641729,UTA,SF,6883532.61,6892456.81,6281867.79,7612365.26,1044798.32,-0.7578,rotation
Jalen Smith,1630188,CHI,PF,6871075.53,6892456.81,6281867.79,7552372.89,1030108.09,-0.7578,rotation
Jakob Poeltl,1627751,TOR,C,6833000.37,6857794.55,6201877.96,7612365.26,1040708.15,-0.7773,rotation
Corey Kispert,1630557,ATL,SF,6818863.5,6812466.98,6153884.07,7612365.26,1061802.67,-0.7833,rotation
Blake Hinson,1642396,UTA,SF,6733922.3,6793802.69,6089892.21,7452385.6,1063801.11,-0.8165,rotation
Ja'Kobe Walter,1642266,TOR,PG,6486623.09,6601827.1,5753934.93,7052436.47,1072852.4,-0.9324,rotation
Isaiah Collier,1642268,UTA,PG,6392979.0,6537835.24,5705941.03,7052436.47,1072156.67,-0.9693,rotation
Cam Spencer,1642285,MEM,PG,6385121.33,6537835.24,5625951.21,7049770.14,1073450.87,-0.9726,rotation
Neemias Queta,1629674,BOS,C,6384137.45,6537835.24,5641949.17,6985778.28,1031152.41,-0.972,rotation
Moussa Diabaté,1631217,CHA,SF,6235340.38,6345859.66,5373316.67,6921786.41,1059286.19,-1.0327,rotation
Danny Wolf,1642874,BKN,SF,6229397.13,6345859.66,5385981.72,6972446.64,1083777.88,-1.0359,rotation
Robert Williams III,1629057,POR,PF,6228706.55,6281867.79,5433975.62,6921786.41,1048857.53,-1.0442,rotation
Obi Toppin,1630167,IND,SF,6172321.72,6249871.86,5335321.5,6892456.81,1046316.25,-1.0574,rotation
Egor Dëmin,1642856,BKN,PG,6111153.5,6153884.07,5321989.86,6812466.98,1071003.83,-1.0856,rotation
Dru Smith,1630696,MIA,PG,6093694.39,6089892.21,5257998.0,6812466.98,1085594.89,-1.0939,rotation
Ziaire Williams,1630533,BKN,SF,6056291.15,6121888.14,5257998.0,6812466.98,1088769.07,-1.1084,rotation
Adem Bona,1641737,PHI,SF,6054795.34,6089892.21,5257998.0,6857794.55,1111016.01,-1.1127,rotation
Jose Alvarado,1630631,NYK,PG,6042935.51,6089892.21,5257998.0,6812466.98,1108301.2,-1.1178,rotation
Cole Anthony,1630175,MIL,PG,6017082.8,6025900.34,5191339.81,6798468.76,1111002.85,-1.1272,rotation
Justin Edwards,1642348,PHI,SF,5969803.48,5961908.48,5257998.0,6732477.16,1062196.19,-1.1466,rotation
Jay Huff,1630643,IND,C,5906462.2,5897916.62,5143345.91,6729810.83,1074993.14,-1.1723,rotation
Isaiah Stewart,1630191,DET,PF,5890013.63,5897916.62,5095352.02,6729810.83,1080348.24,-1.1915,rotation
Jock Landale,1629111,ATL,C,5797270.75,5705941.03,5095352.02,6601827.1,1057814.79,-1.215,rotation
Luke Kornet,1628436,SAS,PF,5733713.5,5641949.17,4999364.22,6537835.24,1042314.1,-1.2429,rotation
Zach Collins,1628380,CHI,PF,5726677.06,5641949.17,4951370.33,6652487.33,1109161.62,-1.2522,rotation
Caleb Love,1631126,POR,PG,5714905.23,5705941.03,4999364.22,6537835.24,1045686.19,-1.254,rotation
Precious Achiuwa,1630173,SAC,SF,5686748.81,5577957.31,4951370.33,6537835.24,1072963.37,-1.2662,rotation
Tyson Etienne,1630623,BKN,PG,5514637.36,5385981.72,4759394.74,6345859.66,1074351.26,-1.3385,rotation
Brandon Williams,1630314,DAL,PG,5451890.68,5335321.5,4711400.84,6233873.89,1052981.78,-1.3693,rotation
John Konchar,1629723,UTA,PG,5378747.98,5287327.6,4615413.05,6153884.07,1087955.48,-1.3965,rotation
Max Strus,1629622,CLE,SG,5315281.38,5257998.0,4615413.05,6025900.34,1036996.46,-1.4212,rotation
Vince Williams Jr.,1631246,UTA,PG,5282256.25,5239333.71,4567419.16,6025900.34,1053741.95,-1.4401,rotation
Dylan Cardwell,1642928,SAC,C,5282216.25,5239333.71,4519425.26,6025900.34,1077185.36,-1.4378,rotation
Dorian Finney-Smith,1627827,HOU,SF,5212870.41,5143345.91,4423437.47,5961908.48,1076090.38,-1.4706,rotation
Nikola Jović,1631107,MIA,SF,5212411.8,5191339.81,4519425.26,5897916.62,1048325.52,-1.4678,rotation
Yves Missi,1642274,NOP,C,5125678.83,5095352.02,4375443.57,5833924.76,1047343.94,-1.5001,rotation
Dominick Barlow,1631230,PHI,SF,5120540.81,5095352.02,4423437.47,5769932.9,1033330.79,-1.5087,rotation
Sharife Cooper,1630536,WAS,PG,5101151.28,5047358.12,4423437.47,5769932.9,1035793.32,-1.5197,rotation
Javonte Green,1629750,DET,PG,5046403.58,4999364.22,4327449.67,5641949.17,1055226.14,-1.5398,rotation
Simone Fontecchio,1631323,MIA,SF,5008885.68,4951370.33,4279455.78,5705941.03,1074227.94,-1.5563,rotation
Will Richard,1642954,GSW,PG,4993095.69,4951370.33,4327449.67,5577957.31,1032260.42,-1.5604,minimum
Quenton Jackson,1631245,IND,PG,4951695.62,4903376.43,4279455.78,5577957.31,1008572.32,-1.5816,minimum
Gary Trent Jr.,1629018,MIL,PG,4901792.63,4879379.48,4183467.98,5513965.45,1012128.85,-1.5999,minimum
Ausar Thompson,1641709,DET,SG,4896206.68,4855382.53,4183467.98,5449973.59,1004107.58,-1.6065,minimum
Ryan Nembhard,1642948,DAL,PG,4864050.77,4807388.64,4183467.98,5449973.59,1025759.45,-1.6156,minimum
Kobe Sanders,1642920,LAC,PG,4833779.95,4759394.74,4135474.09,5513965.45,1043896.52,-1.6352,minimum
Ochai Agbaji,1630534,BKN,PG,4817701.99,4759394.74,4135474.09,5385981.72,1026182.96,-1.6396,minimum
Tyrese Martin,1631213,PHI,SF,4751201.12,4711400.84,4087480.19,5335321.5,980049.5,-1.6662,minimum
Mouhamed Gueye,1631243,ATL,SF,4747164.3,4711400.84,4039486.29,5335321.5,1028254.66,-1.6723,minimum
Ethan Thompson,1630679,IND,PG,4731272.98,4663406.95,4087480.19,5335321.5,1017842.13,-1.6785,minimum
Jared McCain,1642272,OKC,PG,4709147.8,4663406.95,4039486.29,5287327.6,1020438.29,-1.6913,minimum
Kevin Huerter,1628989,DET,SG,4709035.81,4687403.89,4039486.29,5321989.86,1009314.08,-1.6889,minimum
Cameron Payne,1626166,PHI,PG,4631749.64,4591416.11,3991492.4,5243999.78,1017800.81,-1.7229,minimum
Noah Clowney,1641730,BKN,PF,4556367.23,4519425.26,3556881.0,5191339.81,995366.9,-1.7564,minimum
LJ Cryer,1643018,GSW,PG,4488029.25,4423437.47,3556881.0,5095352.02,955368.71,-1.7891,minimum
Nolan Traore,1642849,BKN,PG,4454812.14,4423437.47,3524885.07,5047358.12,957393.11,-1.8103,minimum
Pelle Larsson,1641796,MIA,PG,4266564.08,4231461.88,3460893.21,4807388.64,903279.46,-1.896,minimum
Cam Whitmore,1641715,WAS,SF,4261282.09,4231461.88,3428897.28,4855382.53,966507.55,-1.8992,minimum
Sandro Mamukelashvili,1630572,TOR,PF,4252059.26,4231461.88,3428897.28,4855382.53,946382.01,-1.9065,minimum
Jarred Vanderbilt,1629020,LAL,SF,4199508.61,4135474.09,3396901.34,4807388.64,925790.44,-1.9303,minimum
Jonas Valančiūnas,202685,DEN,C,4193296.07,4135474.09,3396901.34,4807388.64,967029.26,-1.9381,minimum
Ben Saraf,1642879,BKN,PG,4163601.18,4135474.09,3364905.41,4711400.84,928584.0,-1.9532,minimum
Jordan Miller,1641757,LAC,PG,4087333.54,4087480.19,3332909.48,4711400.84,881523.05,-1.9836,minimum
Bones Hyland,1630538,MIN,PG,4073620.62,4039486.29,3332909.48,4615413.05,873698.7,-1.9916,minimum
Paul Reed,1630194,DET,SF,4072002.16,4087480.19,3332909.48,4663406.95,902921.25,-1.9909,minimum
Ryan Dunn,1642346,PHX,SF,4071623.54,4039486.29,3364905.41,4615413.05,861862.1,-1.9862,minimum
Gui Santos,1630611,GSW,SF,3821271.38,3492889.14,3204925.76,4375443.57,831984.67,-2.1284,minimum
De'Andre Hunter,1629631,SAC,SG,3791824.46,3460893.21,3204925.76,4327449.67,809429.07,-2.1466,minimum
Gary Payton II,1627780,GSW,PG,3586855.85,3364905.41,3108937.97,4087480.19,751344.69,-2.267,minimum
Kasparas Jakučionis,1642857,MIA,PG,3562472.29,3332909.48,3108937.97,4087480.19,732734.4,-2.2806,minimum
Leonard Miller,1631159,CHI,SF,3511017.5,3332909.48,3068943.05,4039486.29,710967.88,-2.3043,minimum
Nae'Qwan Tomlin,1641772,CLE,SF,3494259.63,3300913.55,3044946.1,3991492.4,707476.51,-2.3223,minimum
Chaney Johnson,1643052,BKN,SG,3343172.18,3236921.69,2980954.24,3524885.07,706864.52,-2.4151,minimum
Josh Minott,1631169,BKN,SF,3340841.81,3204925.76,2980954.24,3524885.07,696995.0,-2.4265,minimum
Josh Green,1630182,CHA,PG,3333917.35,3204925.76,2948958.31,3524885.07,724099.11,-2.4273,minimum
Jahmai Mashack,1642942,MEM,PG,3224995.21,3140933.9,2916962.38,3428897.28,677318.27,-2.5032,minimum
Andre Drummond,203083,PHI,C,3143845.53,3076942.03,2884966.45,3364905.41,638690.56,-2.557,minimum
Tidjane Salaün,1642275,CHA,SF,2991144.95,3012950.17,2756982.72,3236921.69,670469.24,-2.6757,minimum
Nique Clifford,1642363,SAC,PG,2939604.83,2980954.24,2756982.72,3204925.76,659672.08,-2.6994,minimum
Justin Champagnie,1630551,WAS,SG,2908792.75,2948958.31,2724986.79,3204925.76,634248.42,-2.7364,minimum
Matisse Thybulle,1629680,POR,SG,2773090.01,2916962.38,2660994.93,3140933.9,653085.89,-2.8153,minimum
Jeremiah Robinson-Earl,1630526,DAL,SF,2770495.67,2916962.38,2660994.93,3140933.9,660850.47,-2.8182,minimum
Tim Hardaway Jr.,203501,DEN,SG,2691607.04,2820974.59,2628999.0,3076942.03,659361.99,-2.8845,minimum
Goga Bitadze,1629048,ORL,PF,2691396.4,2852970.52,1778440.5,3108937.97,672573.33,-2.8851,minimum
Olivier-Maxence Prosper,1641765,MEM,SF,2679875.2,2820974.59,1778440.5,3076942.03,654149.7,-2.89,minimum
Nikola Topić,1642260,OKC,PG,2671478.93,2820974.59,1778440.5,3076942.03,674284.07,-2.8913,minimum
Jalen Wilson,1630592,BKN,SF,2566545.61,2756982.72,1746444.57,3012950.17,660822.38,-2.9759,minimum
Ben Sheppard,1641767,IND,PG,2499602.12,2724986.79,1730446.6,2980954.24,717037.02,-3.0115,minimum
Kris Murray,1631200,POR,SF,2424561.0,2692990.86,1714448.64,2924961.36,661638.02,-3.0761,minimum
Killian Hayes,1630165,SAC,PG,2421204.09,2692990.86,1714448.64,2924961.36,668021.72,-3.0794,minimum
Ousmane Dieng,1631172,MIL,SF,2355433.79,2660994.93,1698450.67,2884966.45,667694.38,-3.1192,minimum
Landry Shamet,1629013,NYK,PG,2317934.56,2628999.0,1698450.67,2852970.52,652001.01,-3.1519,minimum
Pete Nance,1631250,MIL,SF,2200293.52,1762442.53,1650456.78,2820974.59,641593.58,-3.2287,minimum
Mitchell Robinson,1629011,NYK,PF,2151721.03,1746444.57,1646457.29,2788978.66,629263.13,-3.2667,minimum
Craig Porter Jr.,1641854,CLE,PG,2047936.89,1730446.6,1618460.84,2692990.86,596726.99,-3.3439,minimum
Steven Adams,203500,HOU,C,2014426.49,1698450.67,1586464.91,2692990.86,599703.7,-3.3886,minimum
Julian Strawther,1631124,DEN,PG,1989459.0,1698450.67,1586464.91,2660994.93,583067.54,-3.4032,minimum
Bruce Brown,1628971,DEN,SG,1941086.48,1698450.67,1570466.95,2628999.0,558464.13,-3.4424,minimum
Spencer Jones,1642461,DEN,SF,1889023.77,1666454.74,1554468.98,1778440.5,533309.23,-3.4956,minimum
Josh Okogie,1629006,HOU,PG,1873249.78,1666454.74,1554468.98,1778440.5,525357.65,-3.5065,minimum
Kam Jones,1642880,IND,PG,1868197.09,1650456.78,1554468.98,1778440.5,530939.35,-3.5166,minimum
Dean Wade,1629731,CLE,PF,1854169.54,1650456.78,1538471.02,1762442.53,524138.8,-3.535,minimum
Terance Mann,1629611,BKN,SG,1778517.82,1634458.81,1522473.05,1730446.6,460594.4,-3.5935,minimum
Daeqwon Plowden,1631342,SAC,SG,1630968.59,1554468.98,1442483.22,1666454.74,365146.17,-3.798,minimum
Jaxson Hayes,1629637,LAL,PF,1616031.82,1538471.02,1442483.22,1650456.78,352810.81,-3.8298,minimum
Jeremy Sochan,1631110,NYK,SF,1577647.37,1522473.05,1410487.29,1634458.81,310368.24,-3.8856,minimum
Anthony Gill,1630264,WAS,SF,1556708.7,1490477.12,1378491.36,1618460.84,300705.75,-3.9364,minimum
Guerschon Yabusele,1627824,CHI,SF,1551741.33,1490477.12,1394489.33,1618460.84,295661.78,-3.9443,minimum
Baylor Scheierman,1631248,BOS,PG,1532351.8,1490477.12,1374491.87,1586464.91,272621.69,-3.9823,minimum
Kyle Anderson,203937,MIN,SG,1530210.73,1474479.16,1362493.4,1590464.4,282286.29,-3.9958,minimum
Tyus Jones,1626145,DEN,PG,1510445.25,1458481.19,1346495.43,1570466.95,264241.13,-4.038,minimum
Kobe Brown,1641738,IND,SF,1492087.58,1458481.19,1346495.43,1570466.95,225698.06,-4.0656,minimum
Isaac Okoro,1630171,CHI,SG,1480254.42,1442483.22,1314499.5,1538471.02,237278.83,-4.1145,minimum
Clint Capela,203991,HOU,C,1453343.18,1410487.29,1314499.5,1522473.05,206939.1,-4.1885,minimum
Jaylon Tyson,1642281,CLE,SG,1446776.01,1410487.29,1314499.5,1506475.09,194026.84,-4.205,minimum
Cody Williams,1642262,UTA,SF,1444573.63,1394489.33,1314499.5,1510474.58,175617.2,-4.1974,minimum
Pat Spencer,1630311,GSW,PG,1433708.34,1378491.36,1314499.5,1490477.12,202555.91,-4.2607,minimum
Luka Garza,1630568,BOS,C,1433460.37,1378491.36,1314499.5,1506475.09,183099.19,-4.2517,minimum
Elijah Harkless,1641989,UTA,PG,1424941.46,1378491.36,1314499.5,1490477.12,164933.73,-4.2571,minimum
Tristan Vukcevic,1641774,WAS,SF,1412759.0,1362493.4,1314499.5,1474479.16,151562.75,-4.3168,minimum
Nate Williams,1631466,GSW,PG,1412543.03,1362493.4,1314499.5,1474479.16,163781.51,-4.326,minimum
