rank,player_name,player_id,team,position,sim_mean_salary,sim_median_salary,sim_p25_salary,sim_p75_salary,sim_salary_std,sim_mean_score,fmv_band,projected_games,minutes,points,rebounds,assists,steals,blocks,turnovers,fg_pct,ft_pct,three_pt_pct,fta,fantasy_points,ceiling,floor,consistency,fga,fgm,tpa,tpm,ftm,usage_rate
1,Nikola Jokić,203999,DEN,C,46239453.0,46239453.0,46239453.0,46239453.0,0.0,29.5805,star,66,34.1,23.0,11.4,7.2,1.2,1.0,2.9,0.557,0.787,0.383,5.8,51.2,75.7,27.2,71,15.5,8.6,3.0,1.2,4.5,0.5
2,Shai Gilgeous-Alexander,1628983,OKC,PG,45803540.44,45823505.9,45823505.9,45823505.9,88915.44,26.0636,star,69,33.5,26.0,4.4,5.8,1.5,0.7,2.2,0.512,0.872,0.373,6.9,44.1,69.0,21.2,77,17.7,9.1,4.7,1.8,6.0,0.5
3,Kevin Durant,201142,HOU,SF,45427524.25,45407558.79,45407558.79,45407558.79,88915.44,25.0013,star,72,34.9,22.8,6.1,4.2,0.9,0.9,2.7,0.501,0.842,0.399,5.2,39.0,61.7,18.1,78,16.4,8.2,4.9,2.0,4.4,0.5
4,Jamal Murray,1627750,DEN,PG,44459199.4,44575664.59,44159717.48,44991611.69,582860.49,21.6606,star,69,34.2,20.8,4.1,6.0,1.1,0.4,2.1,0.471,0.861,0.407,4.0,37.1,57.8,17.7,70,15.8,7.4,5.9,2.4,3.5,0.5
5,LeBron James,2544,LAL,SF,44373098.35,44575664.59,44159717.48,44991611.69,606745.65,21.5948,star,63,33.8,21.7,7.2,6.8,1.2,0.5,3.1,0.515,0.763,0.366,5.1,42.6,58.8,26.0,71,15.7,8.1,4.2,1.5,3.9,0.6
6,James Harden,201935,CLE,PG,43870218.3,43743770.38,43327823.28,44575664.59,680373.52,21.2437,star,70,33.8,19.1,4.6,7.3,1.2,0.4,3.0,0.433,0.875,0.374,5.4,37.5,58.0,18.3,71,13.7,5.9,6.8,2.5,4.7,0.4
7,Cade Cunningham,1630595,DET,PG,43789940.51,43743770.38,43327823.28,44159717.48,673870.12,21.1836,star,66,33.7,21.3,4.9,7.3,1.2,0.6,3.2,0.457,0.825,0.354,4.7,40.3,62.0,19.6,65,17.0,7.8,5.3,1.9,3.9,0.5
8,Tyrese Maxey,1630178,PHI,PG,43726300.6,43743770.38,43327823.28,44159717.48,691052.77,21.1438,star,65,35.8,22.9,4.0,5.6,1.5,0.5,2.2,0.451,0.862,0.36,4.9,39.7,62.1,18.8,69,17.9,8.1,7.0,2.5,4.2,0.5
9,Derrick White,1628401,BOS,PG,43331982.75,43327823.28,42911876.17,43743770.38,644369.06,20.9034,star,73,33.3,16.1,4.1,5.0,1.1,0.8,1.8,0.428,0.86,0.36,2.8,32.7,51.5,15.3,69,13.2,5.6,6.9,2.5,2.4,0.5
10,Desmond Bane,1630217,ORL,PG,41990553.34,42079981.97,41664034.86,42495929.07,624582.35,19.9397,star,71,33.2,19.3,4.4,4.8,1.1,0.4,2.2,0.469,0.869,0.381,3.8,34.2,53.3,16.4,70,14.8,6.9,5.7,2.2,3.3,0.5
11,Anthony Edwards,1630162,MIN,PG,41852458.9,42079981.97,41248087.76,42495929.07,640584.33,19.8459,star,65,34.5,23.5,4.8,4.4,1.3,0.6,2.7,0.464,0.814,0.384,5.5,38.6,59.4,18.7,67,17.5,8.1,7.0,2.7,4.5,0.5
12,Donovan Mitchell,1628378,CLE,PG,41753463.49,41664034.86,41248087.76,42079981.97,671310.15,19.7793,star,67,33.2,22.6,4.4,5.3,1.4,0.3,2.4,0.463,0.845,0.368,4.9,38.5,60.1,18.4,74,17.1,7.9,7.3,2.7,4.1,0.5
13,Jalen Brunson,1628973,NYK,PG,41642821.56,41664034.86,41248087.76,42079981.97,677929.85,19.7159,star,70,34.4,22.7,3.5,6.1,1.0,0.2,2.3,0.468,0.832,0.377,5.2,37.5,58.4,17.9,73,17.3,8.1,6.0,2.3,4.3,0.5
14,Luka Dončić,1629029,LAL,SG,40716507.36,40832140.66,40416193.55,41248087.76,699572.58,19.1259,star,63,34.9,25.9,7.6,6.2,1.4,0.6,3.1,0.471,0.781,0.367,7.2,47.2,73.2,23.6,68,18.6,8.8,7.6,2.8,5.6,0.5
15,Devin Booker,1626164,PHX,PG,40287249.95,40416193.55,40000246.45,40832140.66,749386.17,18.8591,star,66,34.4,22.5,4.0,5.9,1.0,0.3,2.6,0.46,0.867,0.349,5.9,37.3,58.3,17.8,74,16.7,7.7,5.7,2.0,5.1,0.5
16,Jalen Johnson,1630552,ATL,SF,39699932.64,40000246.45,39168352.24,40416193.55,878300.26,18.5355,star,63,34.4,18.9,8.5,4.8,1.2,0.7,2.6,0.485,0.77,0.345,4.3,39.6,62.2,18.4,66,14.7,7.1,3.9,1.4,3.3,0.5
17,De'Aaron Fox,1628368,SAS,PG,39406273.98,39584299.34,38752405.14,40000246.45,871983.87,18.3794,star,69,33.5,20.0,4.2,5.6,1.4,0.3,2.4,0.465,0.795,0.345,4.2,36.1,55.6,17.7,73,15.8,7.3,5.7,2.0,3.3,0.5
18,Alperen Sengun,1630578,HOU,C,39055630.58,39168352.24,38336458.03,39584299.34,951015.46,18.1957,star,68,32.4,18.6,9.4,4.3,1.0,1.2,2.6,0.521,0.695,0.313,5.1,40.3,60.3,21.4,63,14.0,7.3,1.5,0.5,3.5,0.5
19,Miles Bridges,1628970,CHA,SF,38670463.56,38752405.14,37920510.93,39168352.24,975676.7,18.0159,star,71,32.9,18.1,6.7,3.2,0.8,0.6,1.8,0.458,0.813,0.338,3.7,33.4,50.9,16.8,66,14.5,6.6,5.2,1.8,3.0,0.5
20,VJ Edgecombe,1642845,PHI,PG,38360998.91,38336458.03,37920510.93,39168352.24,994585.02,17.8837,star,73,33.4,16.2,4.9,4.6,1.3,0.4,2.1,0.44,0.804,0.354,3.1,31.9,47.8,16.1,64,13.5,6.0,5.0,1.8,2.5,0.6
21,Deni Avdija,1630166,POR,SF,38064844.57,37920510.93,37504563.83,38752405.14,937920.69,17.7413,star,68,32.4,19.0,7.0,4.3,0.9,0.6,2.7,0.471,0.787,0.343,5.9,35.9,55.4,16.9,66,13.7,6.4,4.5,1.5,4.6,0.5
22,Scottie Barnes,1630567,TOR,SG,37297107.54,37088616.72,36672669.62,37920510.93,1027615.26,17.3866,star,72,33.6,18.1,7.3,4.7,1.3,1.1,2.4,0.476,0.78,0.322,4.2,38.6,60.7,18.0,68,14.4,6.9,3.6,1.2,3.3,0.5
23,Cooper Flagg,1642843,DAL,SF,37104684.01,37088616.72,36672669.62,37920510.93,1010268.77,17.2989,star,70,32.7,18.3,6.4,3.6,1.1,0.9,2.2,0.459,0.794,0.317,4.5,35.2,57.2,15.3,63,14.8,6.8,3.6,1.1,3.5,0.5
24,Kawhi Leonard,202695,LAC,SF,37062518.71,37088616.72,36256722.52,37504563.83,1006585.79,17.2768,star,62,32.6,21.4,6.4,3.4,1.5,0.5,2.0,0.496,0.845,0.39,4.6,38.2,61.3,17.6,74,15.8,7.8,4.8,1.9,3.9,0.4
25,Nickeil Alexander-Walker,1629638,ATL,PG,36345415.24,36256722.52,35840775.41,37088616.72,1440979.72,16.9748,star,75,30.6,15.7,3.4,3.8,1.1,0.4,1.8,0.451,0.852,0.386,3.0,28.2,44.1,13.6,68,12.2,5.5,5.7,2.2,2.6,0.5
26,Victor Wembanyama,1641705,SAS,PF,35331234.88,35840775.41,35008881.21,36256722.52,1974654.33,16.609,star,62,31.6,21.1,9.3,3.2,1.1,2.3,2.6,0.483,0.803,0.347,5.2,44.7,69.9,20.8,66,15.7,7.6,5.2,1.8,4.2,0.5
27,Trey Murphy III,1630530,NOP,SF,33219914.05,34592934.1,28455048.0,35424828.31,3277148.56,16.1845,core,64,33.9,19.0,6.0,3.2,1.2,0.6,1.8,0.464,0.831,0.368,4.0,34.5,53.2,16.3,70,14.3,6.6,6.4,2.3,3.3,0.5
28,Paolo Banchero,1631094,ORL,SF,33109501.42,34592934.1,28455048.0,35424828.31,3276637.03,16.1633,core,66,34.1,20.8,7.4,4.2,0.9,0.7,2.7,0.462,0.756,0.327,6.5,38.1,58.9,18.4,68,15.8,7.3,4.1,1.3,4.9,0.5
29,Dyson Daniels,1630700,ATL,PG,32875472.51,34592934.1,28455048.0,35424828.31,3382656.72,16.1223,core,71,32.0,13.7,5.2,4.8,1.8,0.4,1.9,0.475,0.736,0.329,2.5,31.9,49.5,15.2,67,11.4,5.4,3.1,1.0,1.8,0.5
30,Toumani Camara,1641739,POR,SF,32847300.1,34592934.1,28455048.0,35424828.31,3407992.81,16.1323,core,76,32.2,13.9,5.9,2.5,1.2,0.6,1.8,0.457,0.759,0.364,2.7,28.2,43.5,13.3,68,11.1,5.1,4.7,1.7,2.1,0.5
31,Matas Buzelis,1641824,CHI,SF,30196789.17,28199080.55,27687145.66,34592934.1,3525181.94,15.7648,core,75,28.5,14.9,5.7,2.2,0.8,1.1,1.8,0.463,0.778,0.35,3.3,28.8,45.4,13.5,61,11.7,5.4,4.4,1.5,2.5,0.5
32,Karl-Anthony Towns,1626157,NYK,PF,29266678.12,27943113.1,27431178.21,28455048.0,3209614.47,15.6341,core,69,32.3,19.6,10.8,2.9,0.8,1.0,2.4,0.513,0.812,0.389,5.1,39.9,61.5,19.8,73,13.8,7.1,3.3,1.3,4.2,0.5
33,Payton Pritchard,1630202,BOS,PG,29137542.54,27943113.1,27175210.76,28455048.0,3122846.86,15.615,core,75,30.8,15.7,3.9,4.5,0.9,0.2,1.5,0.459,0.842,0.382,2.2,28.8,44.5,14.1,65,12.5,5.7,6.1,2.3,1.9,0.5
34,Josh Hart,1628404,NYK,PG,28896501.19,27943113.1,27175210.76,28455048.0,3039695.15,15.5736,core,67,32.9,13.5,6.5,4.9,1.2,0.3,2.0,0.473,0.793,0.37,2.6,31.3,49.3,14.6,68,10.6,5.0,4.0,1.5,2.0,0.5
35,Kon Knueppel,1642851,CHA,SG,27217381.4,26919243.31,26151340.97,27687145.66,2092544.79,15.1936,core,77,31.8,17.4,4.8,4.2,0.9,0.3,2.2,0.458,0.823,0.398,3.3,30.9,46.2,15.6,66,13.4,6.1,6.1,2.4,2.7,0.6
36,Austin Reaves,1630559,LAL,PG,26975012.22,26663275.86,25895373.52,27687145.66,1866349.23,15.1319,core,61,33.8,19.5,4.3,5.3,1.1,0.3,2.5,0.469,0.858,0.367,5.0,34.5,53.8,16.6,64,13.9,6.5,5.8,2.1,4.3,0.5
37,Jabari Smith Jr.,1631095,HOU,SF,26915147.83,26919243.31,25895373.52,27431178.21,1532213.49,15.1633,core,70,33.0,15.4,7.0,2.1,0.8,0.8,1.6,0.456,0.779,0.358,3.3,30.2,47.2,14.1,73,12.3,5.6,4.7,1.7,2.5,0.5
38,Jaden McDaniels,1630183,MIN,SF,26889897.71,26663275.86,25895373.52,27431178.21,1678693.79,15.126,core,72,32.2,14.9,5.4,2.5,1.1,0.8,1.7,0.485,0.794,0.364,2.9,29.3,45.2,13.8,60,11.6,5.6,3.6,1.3,2.3,0.5
39,Josh Giddey,1630581,CHI,PG,26770366.24,26663275.86,25895373.52,27431178.21,1703012.22,15.0902,core,60,31.3,16.1,6.4,6.5,1.1,0.5,2.8,0.454,0.789,0.364,3.6,35.4,54.8,16.9,62,12.8,5.8,4.5,1.6,2.8,0.5
40,CJ McCollum,203468,ATL,PG,26184024.81,25895373.52,25383438.62,26919243.31,1421323.08,14.8654,core,69,31.6,18.0,3.7,4.4,1.0,0.4,1.9,0.45,0.797,0.382,3.1,31.3,49.4,14.3,72,14.6,6.6,6.4,2.4,2.5,0.5
41,Donte DiVincenzo,1628978,MIN,PG,26014030.43,25895373.52,25127471.17,26663275.86,1301334.72,14.8035,core,73,30.5,14.2,3.9,4.0,1.2,0.4,1.7,0.433,0.797,0.384,2.1,28.0,43.7,13.4,69,11.5,5.0,6.6,2.5,1.7,0.5
42,Pascal Siakam,1627783,IND,SF,25898679.76,25895373.52,25127471.17,26663275.86,1168373.28,14.7664,core,66,32.8,20.0,6.7,3.5,1.0,0.5,1.9,0.494,0.734,0.366,4.7,35.9,57.0,16.4,75,15.3,7.6,3.8,1.4,3.5,0.5
43,Bam Adebayo,1628389,MIA,PF,25892381.9,25639406.07,25127471.17,26407308.41,1277280.95,14.7541,core,71,33.0,18.6,9.9,3.4,1.0,0.9,2.0,0.488,0.757,0.334,5.1,39.4,59.2,20.2,66,14.1,6.9,2.8,1.0,3.8,0.5
44,Michael Porter Jr.,1629008,BKN,SF,25845433.2,25639406.07,25127471.17,26663275.86,1215280.52,14.7447,core,62,32.9,19.3,6.9,2.6,0.9,0.5,1.9,0.475,0.81,0.372,3.6,33.9,52.7,17.0,65,14.8,7.0,6.2,2.3,2.9,0.5
45,Mikal Bridges,1628969,NYK,SG,25482588.68,25383438.62,24871503.72,26151340.97,1013552.41,14.5947,core,76,34.2,16.6,3.9,4.2,1.2,0.5,1.7,0.47,0.82,0.368,2.5,30.8,48.0,14.7,70,13.4,6.3,5.3,2.0,2.0,0.5
46,Royce O'Neale,1626220,PHX,SF,24590963.4,24615536.28,24103601.38,25127471.17,916377.19,14.1746,core,75,28.8,11.8,5.4,2.7,1.0,0.5,1.4,0.446,0.775,0.393,1.7,25.5,40.5,11.7,69,9.5,4.2,5.0,2.0,1.4,0.5
47,Brandon Ingram,1627742,TOR,SF,23670760.42,23591666.48,23079731.59,24359568.83,912319.08,13.7177,core,61,33.4,19.7,6.0,3.9,0.9,0.6,2.5,0.475,0.805,0.37,4.2,34.8,53.2,17.6,72,15.5,7.3,4.4,1.6,3.4,0.5
48,Julius Randle,203944,MIN,PF,23555063.14,23591666.48,22823764.14,24103601.38,882421.6,13.6686,core,69,33.0,19.0,7.0,4.2,1.0,0.4,2.5,0.476,0.794,0.337,5.1,35.3,55.3,16.9,75,14.3,6.8,4.1,1.4,4.0,0.5
49,Amen Thompson,1641708,HOU,SG,23482368.38,23591666.48,22823764.14,24103601.38,923566.27,13.6348,core,72,32.9,16.0,6.2,4.5,1.3,0.6,2.2,0.498,0.769,0.322,3.9,34.0,52.8,16.2,74,12.2,6.1,2.6,0.8,3.0,0.5
50,Brandin Podziemski,1641764,GSW,PG,23372814.31,23335699.03,22567796.69,24103601.38,921268.59,13.5778,core,73,29.8,14.2,4.8,4.1,1.1,0.3,1.7,0.45,0.793,0.37,2.8,28.5,44.2,13.6,66,11.4,5.1,4.6,1.7,2.2,0.5
51,Evan Mobley,1630596,CLE,C,23292696.5,23335699.03,22567796.69,23847633.93,880460.16,13.5394,core,65,31.6,17.0,9.3,2.9,0.8,1.6,2.0,0.55,0.675,0.334,4.4,37.8,57.4,19.5,67,12.2,6.7,2.1,0.7,3.0,0.5
52,Stephen Curry,201939,GSW,PG,23182118.57,23079731.59,22567796.69,23847633.93,922974.75,13.487,core,55,31.3,21.1,3.8,5.6,1.1,0.4,2.6,0.456,0.901,0.392,4.1,35.9,55.2,17.3,73,15.5,7.1,8.3,3.3,3.7,0.4
53,Rudy Gobert,203497,MIN,C,23179814.86,23079731.59,22567796.69,23847633.93,904334.08,13.4771,core,71,32.3,13.3,10.8,2.0,0.8,1.6,1.6,0.585,0.646,0.31,4.2,34.6,52.8,17.6,70,8.9,5.2,0.5,0.2,2.7,0.5
54,Brandon Miller,1641706,CHA,SF,23092529.96,23079731.59,22311829.24,23847633.93,878438.37,13.4399,core,60,32.5,18.7,5.6,3.1,1.0,0.7,2.3,0.443,0.819,0.365,3.6,33.2,51.3,16.1,70,15.1,6.7,6.4,2.4,3.0,0.5
55,Giannis Antetokounmpo,203507,MIA,SF,22726859.13,22567796.69,22055861.79,23335699.03,857653.74,13.2509,core,52,32.1,23.8,9.1,4.8,1.0,0.8,2.7,0.567,0.67,0.342,7.7,44.7,70.1,21.4,69,15.8,9.0,2.1,0.7,5.1,0.5
56,Immanuel Quickley,1630193,TOR,PG,22624269.51,22311829.24,22055861.79,23079731.59,822815.11,13.1926,core,63,31.5,16.9,4.0,5.3,1.1,0.2,1.8,0.44,0.833,0.374,3.6,31.8,49.2,15.6,71,13.3,5.9,5.9,2.2,3.0,0.5
57,Jalen Duren,1631105,DET,C,22282094.36,22055861.79,21799894.34,22567796.69,732817.74,13.0091,core,68,29.4,15.9,10.2,2.2,0.8,1.1,2.0,0.595,0.719,0.353,4.6,35.0,52.6,17.6,63,10.5,6.2,0.4,0.1,3.3,0.5
58,Nikola Vučević,202696,BOS,C,21721408.33,21543926.9,21543926.9,21799894.34,499344.1,12.5827,starter,64,30.5,15.6,9.1,3.0,0.7,1.0,1.6,0.502,0.761,0.361,2.6,34.5,52.0,17.8,64,12.5,6.3,3.1,1.1,1.9,0.4
59,Onyeka Okongwu,1630168,ATL,PF,21263301.25,21287959.45,21031992.0,21341286.0,267187.34,11.9608,starter,70,30.8,15.2,7.4,2.7,1.0,0.9,1.7,0.495,0.772,0.359,3.4,32.2,49.7,15.2,67,11.4,5.7,3.5,1.3,2.6,0.5
60,Stephon Castle,1642264,SAS,PG,21208364.24,21287959.45,21031992.0,21341286.0,265877.15,11.8592,starter,68,30.4,16.0,4.5,5.5,1.1,0.3,2.6,0.449,0.751,0.334,4.4,31.3,48.4,15.0,65,12.6,5.7,4.0,1.4,3.3,0.5
61,DeMar DeRozan,201942,SAC,SG,21075602.45,21149310.41,20957334.83,21341286.0,289134.0,11.5251,starter,74,33.3,18.4,3.6,5.0,1.0,0.3,1.6,0.475,0.86,0.359,4.9,32.5,50.3,15.8,65,13.6,6.5,3.4,1.2,4.2,0.4
62,Naji Marshall,1630230,DAL,SF,20906546.62,20957334.83,20765359.24,21149310.41,352007.49,11.2874,starter,71,29.4,14.5,5.4,2.9,1.0,0.3,1.7,0.489,0.777,0.328,3.5,27.8,42.4,14.0,60,11.1,5.4,3.1,1.0,2.7,0.5
63,Zion Williamson,1629627,NOP,SF,20874774.66,20957334.83,20573383.66,21149310.41,370917.03,11.2134,starter,60,31.3,20.3,6.5,3.7,1.1,0.7,2.3,0.535,0.72,0.345,6.2,36.7,56.5,17.3,71,14.2,7.6,1.7,0.6,4.5,0.5
64,Jaylen Brown,1627759,BOS,SG,20864365.32,20957334.83,20573383.66,21149310.41,354059.54,11.2117,starter,68,33.8,22.1,5.4,4.7,1.1,0.4,2.7,0.47,0.787,0.352,5.2,37.5,58.5,17.9,73,17.2,8.1,5.3,1.9,4.1,0.5
65,Andrew Wiggins,203952,MIA,SF,20583217.07,20573383.66,20381408.07,20957334.83,425548.28,10.8754,starter,65,30.9,15.8,5.4,2.7,1.0,0.8,1.6,0.465,0.775,0.385,3.3,30.2,47.3,14.5,72,12.5,5.8,4.3,1.6,2.6,0.5
66,Jrue Holiday,201950,POR,PG,20470410.08,20381408.07,20189432.48,20765359.24,457399.58,10.7629,starter,59,31.1,14.5,4.3,5.1,1.1,0.3,2.1,0.452,0.848,0.377,2.2,29.4,47.2,13.7,68,11.7,5.3,5.4,2.0,1.9,0.4
67,OG Anunoby,1628384,NYK,SG,19896477.74,19997456.9,19613505.72,20189432.48,556044.42,10.245,starter,66,34.0,16.8,5.7,2.5,1.3,0.7,1.8,0.478,0.797,0.375,3.4,31.6,48.2,15.9,60,12.7,6.1,5.0,1.9,2.7,0.5
68,Max Christie,1631108,DAL,PG,19769581.88,19805481.31,19421530.14,20189432.48,574068.99,10.1361,starter,73,28.6,12.8,3.5,3.0,0.9,0.3,1.6,0.443,0.835,0.379,2.5,23.5,36.4,11.2,64,10.1,4.5,4.5,1.7,2.1,0.5
69,Darius Garland,1629636,LAC,PG,19647368.08,19613505.72,19229554.55,19997456.9,613255.57,10.0458,starter,55,31.8,18.3,3.3,5.9,1.2,0.2,2.6,0.456,0.841,0.383,3.3,32.7,50.6,16.0,69,14.5,6.6,5.9,2.3,2.8,0.5
70,Quentin Grimes,1629656,PHI,PG,19426521.5,19421530.14,19037578.97,19997456.9,671676.57,9.8891,starter,69,29.3,14.3,3.8,3.5,1.0,0.3,1.8,0.447,0.812,0.357,3.1,26.2,40.9,12.4,58,11.2,5.0,4.9,1.8,2.5,0.5
71,Jerami Grant,203924,POR,SF,19319975.05,19421530.14,18845603.38,19805481.31,690182.51,9.8179,starter,60,31.8,17.2,4.7,2.6,0.9,0.7,1.9,0.449,0.81,0.38,4.6,29.7,47.2,13.6,70,13.0,5.8,4.9,1.8,3.7,0.5
72,Jaime Jaquez Jr.,1631170,MIA,PG,19156795.8,19229554.55,18653627.79,19613505.72,664617.12,9.6974,starter,70,28.8,14.3,4.4,4.0,1.0,0.3,1.9,0.472,0.795,0.345,3.0,27.5,42.9,13.0,64,11.4,5.4,3.2,1.1,2.4,0.5
73,Keyonte George,1641718,UTA,PG,18946673.19,19037578.97,18461652.21,19421530.14,716492.99,9.5634,starter,60,32.1,18.4,3.8,5.4,1.0,0.3,2.6,0.436,0.846,0.356,4.7,32.2,49.6,15.6,59,14.1,6.2,5.8,2.1,4.0,0.5
74,P.J. Washington,1629023,DAL,SF,18722930.98,18653627.79,18269676.62,19229554.55,750393.23,9.4204,starter,60,32.0,15.1,6.9,2.3,1.0,0.9,1.8,0.457,0.737,0.345,3.5,30.8,47.8,15.4,67,12.2,5.6,4.0,1.4,2.6,0.5
75,Grayson Allen,1628960,PHX,PG,18707764.91,18653627.79,18269676.62,19229554.55,718934.5,9.4164,starter,58,30.3,15.1,3.5,3.8,1.1,0.3,1.7,0.438,0.841,0.381,3.0,27.7,43.3,13.1,66,11.7,5.1,6.3,2.4,2.5,0.5
76,Rui Hachimura,1629060,LAL,SF,18680978.98,18653627.79,18269676.62,19229554.55,709614.13,9.3894,starter,67,30.8,14.2,5.1,1.8,0.8,0.5,1.2,0.496,0.764,0.405,2.6,25.6,39.1,12.9,69,10.8,5.4,3.7,1.5,2.0,0.5
77,Tyler Herro,1629639,MIA,PG,18179117.47,18269676.62,17693749.86,18653627.79,743396.11,9.0873,starter,49,33.0,19.6,4.7,4.7,1.0,0.3,2.2,0.461,0.859,0.376,3.6,33.9,52.4,16.6,75,15.3,7.1,6.3,2.4,3.1,0.5
78,Cameron Johnson,1629661,DEN,SF,18033914.6,18077701.03,17501774.28,18461652.21,750305.12,8.9999,starter,59,31.2,15.0,5.0,2.8,0.9,0.5,1.4,0.469,0.818,0.394,3.1,27.8,43.5,13.4,69,11.3,5.3,4.8,1.9,2.5,0.5
79,Norman Powell,1626181,MIA,PG,17939078.66,17885725.45,17501774.28,18461652.21,752753.74,8.9288,starter,61,30.9,18.6,3.4,3.2,1.1,0.3,1.8,0.466,0.826,0.393,4.1,29.6,46.9,13.6,71,13.8,6.4,6.0,2.3,3.4,0.5
80,Franz Wagner,1630532,ORL,SF,17908394.57,17885725.45,17501774.28,18461652.21,740906.95,8.9158,starter,51,32.4,19.6,5.9,3.5,1.1,0.5,2.0,0.472,0.814,0.327,4.9,34.8,54.7,16.2,69,15.1,7.1,4.2,1.4,4.0,0.5
81,Saddiq Bey,1630180,NOP,SG,17403392.12,17501774.28,16925847.52,17885725.45,727843.82,8.5915,starter,70,32.4,16.7,5.1,3.3,1.0,0.2,1.4,0.445,0.835,0.355,3.8,30.0,46.8,14.4,65,13.1,5.8,5.4,1.9,3.2,0.5
82,Jimmy Butler III,202710,GSW,SF,17300306.56,17309798.69,16925847.52,17693749.86,677381.47,8.5256,starter,49,32.1,17.9,6.0,4.4,1.2,0.4,1.8,0.494,0.838,0.367,6.0,34.8,55.7,15.3,75,12.1,6.0,2.5,0.9,5.1,0.5
83,Devin Vassell,1630170,SAS,SG,17029210.37,17117823.1,16541896.34,17501774.28,663324.18,8.3096,starter,66,31.9,16.2,4.0,3.6,1.1,0.4,1.6,0.448,0.811,0.373,2.8,29.3,45.7,13.8,70,13.1,5.9,5.7,2.1,2.3,0.5
84,Shaedon Sharpe,1631101,POR,PG,16959864.52,16925847.52,16465906.01,17501774.28,653888.2,8.2241,starter,56,31.7,18.1,4.4,3.7,1.2,0.3,2.5,0.446,0.796,0.339,3.7,30.9,47.7,15.0,65,14.9,6.7,5.4,1.8,3.0,0.5
85,Peyton Watson,1631212,DEN,PG,16928513.84,16925847.52,16349920.76,17501774.28,674707.63,8.2227,starter,60,28.8,13.5,4.1,2.9,1.0,0.8,1.7,0.465,0.763,0.373,3.1,26.7,41.4,12.7,53,10.6,4.9,3.5,1.3,2.4,0.5
86,LaMelo Ball,1630163,CHA,PG,16877741.63,16925847.52,16349920.76,17464445.69,662007.78,8.0443,starter,56,26.3,16.2,3.9,5.2,1.1,0.2,2.3,0.416,0.845,0.356,2.8,30.4,56.3,7.5,76,13.7,5.7,7.0,2.5,2.3,0.4
87,Paul George,202331,PHI,SF,16860757.13,16925847.52,16349920.76,17309798.69,650446.04,8.099,starter,48,32.1,16.9,5.8,3.6,1.4,0.5,2.0,0.454,0.816,0.383,3.3,33.2,51.6,16.3,71,13.4,6.1,5.4,2.1,2.7,0.4
88,Christian Braun,1631128,DEN,PG,16857088.26,16925847.52,16349920.76,17309798.69,640831.03,8.0514,starter,59,31.3,14.0,4.5,3.3,1.0,0.4,1.5,0.489,0.799,0.353,2.9,26.9,41.4,13.1,63,10.7,5.2,3.6,1.3,2.3,0.5
89,Ivica Zubac,1627826,IND,C,16809291.67,16824527.07,16344588.1,17309798.69,648596.06,7.8903,starter,57,31.2,15.5,10.6,2.5,0.6,1.2,1.8,0.572,0.726,0.359,3.6,35.5,53.5,18.2,73,11.1,6.4,0.6,0.2,2.6,0.5
90,Brook Lopez,201572,LAC,C,16795661.41,16824527.07,16184608.45,17304466.03,642256.24,7.7337,starter,72,24.6,9.4,4.9,1.4,0.6,1.3,1.0,0.466,0.75,0.366,1.5,22.2,38.7,6.1,65,7.6,3.5,3.2,1.2,1.2,0.4
91,Anthony Black,1641710,ORL,PG,16794504.22,16824527.07,16184608.45,17309798.69,649207.72,7.7623,starter,66,28.7,13.5,3.6,3.8,1.2,0.5,2.0,0.445,0.762,0.346,3.2,26.7,41.2,12.9,55,11.0,4.9,3.8,1.3,2.4,0.5
92,Wendell Carter Jr.,1628976,ORL,PF,16794034.95,16824527.07,16184608.45,17309798.69,658046.16,7.6089,starter,70,29.6,13.3,8.3,2.3,0.8,0.9,1.6,0.508,0.738,0.318,3.7,30.1,46.1,15.0,73,9.7,4.9,2.2,0.7,2.7,0.5
93,AJ Green,1631260,MIL,PG,16768864.81,16824527.07,16184608.45,17304466.03,646775.5,7.5939,starter,71,27.6,11.9,3.1,2.9,0.8,0.2,1.3,0.438,0.825,0.4,1.9,21.5,33.3,10.5,60,9.4,4.1,5.3,2.1,1.6,0.5
94,Ryan Rollins,1631157,MIL,PG,16756695.69,16824527.07,16184608.45,17304466.03,642022.97,7.4706,starter,61,26.7,13.8,3.6,4.1,1.2,0.3,2.0,0.462,0.804,0.388,2.6,26.9,41.7,12.8,62,11.0,5.1,4.1,1.6,2.1,0.5
95,Lauri Markkanen,1628374,UTA,PF,16748046.13,16824527.07,16184608.45,17304466.03,662760.08,7.513,starter,52,33.3,20.9,6.8,2.3,1.0,0.5,1.7,0.467,0.851,0.361,4.9,35.3,53.9,17.8,68,15.5,7.2,6.1,2.2,4.2,0.5
96,Chet Holmgren,1631096,OKC,PF,16743257.4,16824527.07,16184608.45,17304466.03,663154.73,7.4852,starter,61,30.0,16.3,8.9,2.1,0.7,1.8,1.8,0.532,0.744,0.368,4.2,36.0,53.9,19.2,68,11.5,6.1,2.7,1.0,3.2,0.5
97,Davion Mitchell,1630558,MIA,PG,16602325.99,16664547.41,16024628.79,17144486.38,693296.52,7.2738,starter,70,28.6,11.7,2.9,5.0,1.0,0.2,1.7,0.462,0.783,0.379,2.0,24.5,38.3,11.8,67,9.4,4.3,3.7,1.4,1.6,0.5
98,Kyshawn George,1642273,WAS,SF,16524474.56,16504567.76,16024628.79,16984506.72,684880.56,7.2182,starter,54,30.3,14.6,5.7,3.3,1.0,0.8,2.1,0.445,0.775,0.355,3.2,29.8,46.6,13.9,55,11.8,5.3,4.5,1.6,2.5,0.5
99,Russell Westbrook,201566,SAC,PG,16335154.64,16344588.1,15864649.14,16824527.07,711717.42,7.0501,starter,65,28.6,13.4,4.5,6.1,1.3,0.3,2.6,0.439,0.747,0.341,2.8,30.0,47.0,13.3,66,11.1,4.9,4.5,1.5,2.1,0.4
100,Anthony Davis,203076,DAL,PF,16020314.67,16024628.79,15544689.83,16504567.76,718178.96,6.831,starter,45,32.6,20.0,9.4,3.1,1.1,1.4,2.0,0.504,0.775,0.327,4.9,41.4,65.9,19.0,67,15.3,7.7,2.5,0.8,3.8,0.5
101,Collin Gillespie,1631221,PHX,PG,16019296.14,16024628.79,15384710.17,16504567.76,744483.81,6.8392,starter,59,26.2,12.6,3.5,4.0,1.1,0.2,1.6,0.439,0.825,0.388,2.2,25.1,38.8,12.3,61,10.2,4.5,4.8,1.9,1.8,0.5
102,Jaren Jackson Jr.,1628991,UTA,PF,15989326.62,15864649.14,15384710.17,16504567.76,744667.36,6.8152,starter,57,31.8,19.2,6.2,2.4,1.1,1.2,2.2,0.471,0.788,0.355,4.7,35.1,54.2,16.9,69,14.8,7.0,4.5,1.6,3.7,0.5
103,Jayson Tatum,1628369,BOS,SG,15941929.98,15864649.14,15384710.17,16504567.76,719825.65,6.7947,starter,47,34.0,21.3,8.2,4.4,1.1,0.5,2.3,0.448,0.808,0.346,5.1,40.3,61.5,20.3,70,16.5,7.4,6.8,2.4,4.1,0.5
104,Keegan Murray,1631099,SAC,SF,15882588.19,15864649.14,15384710.17,16344588.1,708641.44,6.7438,starter,51,33.9,15.3,6.3,2.2,1.0,1.0,1.5,0.449,0.785,0.329,2.8,30.8,47.5,14.5,61,12.8,5.8,4.8,1.6,2.2,0.5
105,Derik Queen,1642852,NOP,C,15877186.21,15864649.14,15384710.17,16344588.1,729693.69,6.7451,starter,74,23.4,10.3,6.7,2.4,0.8,1.0,1.8,0.504,0.746,0.292,2.8,25.5,45.9,6.9,63,7.9,4.0,0.9,0.3,2.1,0.4
106,Zach LaVine,203897,SAC,PG,15784915.28,15704669.48,15224730.52,16344588.1,732309.28,6.6764,starter,51,33.3,18.9,3.8,3.9,0.9,0.3,2.2,0.47,0.847,0.39,3.7,30.8,48.0,14.6,67,14.3,6.7,6.0,2.3,3.2,0.5
107,Donovan Clingan,1642270,POR,C,15557829.49,15544689.83,15064750.86,16024628.79,678631.21,6.5348,starter,71,23.2,9.3,8.4,1.5,0.6,1.4,1.2,0.528,0.664,0.333,2.2,26.3,46.6,8.1,68,6.9,3.7,1.5,0.5,1.5,0.4
108,RJ Barrett,1629628,TOR,SG,15508315.79,15384710.17,15064750.86,15864649.14,661225.91,6.5033,starter,61,32.1,18.9,6.1,3.5,0.9,0.5,2.1,0.478,0.724,0.348,4.8,33.6,51.8,15.8,80,14.6,7.0,4.4,1.5,3.5,0.5
109,Tobias Harris,202699,DET,SF,15096746.79,14904771.21,14744791.55,15384710.17,554047.22,6.2026,starter,63,26.7,11.6,5.0,2.2,0.8,0.5,1.1,0.469,0.838,0.36,2.1,23.8,42.6,6.9,73,9.3,4.4,3.0,1.1,1.8,0.4
110,Joel Embiid,203954,PHI,PF,14979001.77,14904771.21,14584811.9,15224730.52,533687.53,6.0955,starter,43,31.7,22.1,9.0,3.6,0.7,1.3,2.6,0.496,0.823,0.336,7.2,41.7,61.3,23.1,72,15.4,7.6,2.8,0.9,5.9,0.5
111,Herbert Jones,1630529,NOP,SF,14544497.02,14584811.9,14264852.59,14744791.55,415716.18,5.675,starter,55,31.3,12.6,4.9,2.9,1.4,0.6,1.6,0.447,0.797,0.338,2.6,27.1,42.1,13.6,65,10.3,4.6,3.8,1.3,2.1,0.5
112,Domantas Sabonis,1627734,SAC,PF,14424314.97,14424832.24,14104872.93,14584811.9,417712.69,5.5345,starter,47,32.6,16.9,10.2,4.4,0.9,0.4,2.5,0.528,0.746,0.34,4.1,37.4,58.1,18.0,72,12.4,6.5,2.3,0.8,3.1,0.5
113,Andrew Nembhard,1629614,IND,SG,14186462.56,14227524.0,13944893.28,14424832.24,389736.62,5.2505,starter,61,31.0,14.9,3.4,5.6,1.1,0.2,2.1,0.451,0.818,0.355,3.3,29.3,45.3,14.4,66,11.9,5.4,4.3,1.5,2.7,0.5
114,Dillon Brooks,1628415,PHX,SG,14102899.85,14104872.93,13904898.36,14424832.24,373441.97,5.1614,starter,62,31.9,16.7,3.7,2.9,1.0,0.2,1.7,0.438,0.834,0.366,3.1,27.7,43.2,13.1,67,13.8,6.1,5.6,2.1,2.5,0.5
115,Julian Champagnie,1630577,SAS,SF,14008719.83,13944893.28,13784913.62,14264852.59,359033.94,5.049,starter,72,23.4,9.3,4.5,1.4,0.7,0.5,0.9,0.441,0.792,0.37,1.6,19.4,35.5,4.8,65,7.3,3.2,4.2,1.5,1.3,0.4
116,Collin Sexton,1629012,CHI,PG,13841317.12,13784913.62,13624933.97,14104872.93,358291.02,4.7976,starter,65,24.2,13.8,2.5,3.4,0.9,0.2,1.8,0.469,0.848,0.389,3.1,23.2,41.2,6.4,73,10.4,4.9,3.7,1.5,2.6,0.4
117,Duncan Robinson,1629130,DET,SF,13698551.27,13624933.97,13464954.31,13944893.28,351556.8,4.52,starter,70,24.6,10.3,3.1,2.0,0.6,0.3,1.0,0.451,0.782,0.397,1.3,18.7,33.6,4.9,73,8.1,3.6,5.1,2.0,1.0,0.4
118,Ja Morant,1629630,MEM,PG,13672069.31,13624933.97,13459621.66,13944893.28,367167.43,4.3775,starter,38,31.1,18.9,3.9,6.2,1.2,0.3,2.9,0.439,0.847,0.32,4.9,34.5,53.4,16.9,67,15.1,6.6,4.8,1.5,4.1,0.5
119,Jalen Williams,1631114,OKC,SG,13662294.55,13624933.97,13304974.66,13971556.55,378354.57,4.2755,starter,51,31.3,18.0,4.5,4.9,1.3,0.4,2.0,0.476,0.817,0.36,3.8,33.7,52.6,15.9,77,14.1,6.7,3.9,1.4,3.1,0.5
120,Kel'el Ware,1642276,MIA,C,13604365.92,13624933.97,13304974.66,13971556.55,448413.86,4.0806,starter,70,22.0,9.7,7.5,1.0,0.6,1.0,1.0,0.539,0.693,0.365,1.7,24.2,43.5,6.5,60,7.3,4.0,1.7,0.6,1.1,0.4
121,Kevin Porter Jr.,1629645,MIL,SG,13582102.08,13624933.97,13304974.66,13971556.55,473890.15,3.9759,starter,51,30.1,15.6,4.4,5.2,1.5,0.4,2.3,0.455,0.833,0.345,3.5,31.9,49.9,15.1,62,12.4,5.7,3.9,1.3,2.9,0.5
122,Ayo Dosunmu,1630245,MIN,PG,13579531.74,13624933.97,13304974.66,13971556.55,498539.43,3.9922,starter,61,26.0,11.6,3.0,3.3,0.8,0.3,1.3,0.481,0.823,0.385,1.8,22.3,40.1,5.9,66,9.1,4.4,3.6,1.4,1.5,0.4
123,Bennedict Mathurin,1631097,LAC,SG,13560723.47,13587605.38,13304974.66,13971556.55,480112.52,3.913,starter,60,30.8,16.7,4.7,3.3,0.9,0.3,2.1,0.445,0.838,0.347,4.6,28.9,44.8,13.8,63,12.8,5.7,4.3,1.5,3.9,0.5
124,Marcus Smart,203935,LAL,PG,13538390.31,13587605.38,13203654.21,13944893.28,490517.92,3.9554,starter,53,29.0,13.0,3.1,4.0,1.3,0.3,2.0,0.427,0.818,0.351,2.8,25.6,40.6,11.8,66,10.5,4.5,5.0,1.8,2.3,0.5
125,Harrison Barnes,203084,SAS,SF,13442423.84,13464954.31,13144995.0,13843572.83,563851.02,3.7665,starter,71,24.7,9.8,3.5,1.7,0.6,0.2,0.8,0.467,0.798,0.393,1.8,18.1,32.4,5.3,69,7.4,3.4,3.6,1.4,1.4,0.4
126,Coby White,1629632,CHA,PG,13430484.03,13464954.31,13144995.0,13843572.83,586145.09,3.7542,starter,56,26.7,14.6,3.3,3.6,0.7,0.2,1.9,0.444,0.835,0.366,3.2,24.8,44.6,6.6,74,11.2,5.0,5.3,2.0,2.7,0.4
127,Draymond Green,203110,GSW,SF,13029433.7,13203654.21,12563735.59,13587605.38,753857.16,3.4268,starter,64,25.1,8.0,5.2,4.0,0.9,0.6,1.9,0.44,0.721,0.342,1.5,22.8,40.8,6.8,77,6.7,2.9,3.1,1.1,1.1,0.4
128,Anfernee Simons,1629014,CHI,PG,12881473.85,12947686.76,12307768.14,13459621.66,771747.68,3.335,starter,56,26.3,13.8,2.7,3.3,0.7,0.2,1.6,0.433,0.867,0.374,2.0,22.9,41.3,6.1,72,11.4,4.9,5.7,2.1,1.8,0.4
129,Tre Jones,1630200,CHI,PG,12830634.98,12947686.76,12307768.14,13459621.66,816031.4,3.3173,starter,60,23.9,10.2,2.9,4.1,0.9,0.2,1.2,0.497,0.826,0.348,2.2,22.0,39.6,5.9,70,7.7,3.8,2.3,0.8,1.8,0.4
130,Jalen Suggs,1630591,ORL,PG,12750391.85,12819703.03,12179784.41,13331637.93,801201.4,3.2685,starter,54,25.2,11.8,3.3,3.6,1.3,0.5,2.0,0.432,0.825,0.344,2.1,24.6,45.7,6.1,72,9.8,4.2,4.8,1.7,1.7,0.4
131,Jarrett Allen,1628386,CLE,C,12727330.78,12819703.03,12179784.41,13331637.93,784797.55,3.2315,starter,61,25.7,12.2,8.0,1.7,0.8,0.9,1.2,0.621,0.706,0.269,3.3,28.2,51.0,8.2,71,7.8,4.9,0.3,0.1,2.4,0.4
132,Bobby Portis,1626171,MIL,SF,12621864.19,12691719.31,12179784.41,13203654.21,798726.68,3.1817,starter,62,23.4,11.4,6.0,1.6,0.7,0.4,1.0,0.477,0.763,0.409,1.3,22.9,41.2,6.1,71,9.4,4.5,3.2,1.3,1.0,0.4
133,Kyle Kuzma,1628398,MIL,SF,12472237.89,12563735.59,11923816.97,13075670.48,809692.89,3.098,starter,65,25.9,12.7,4.9,2.3,0.6,0.4,1.7,0.465,0.719,0.339,2.5,23.5,42.2,7.0,69,10.3,4.8,3.6,1.2,1.8,0.4
134,Naz Reid,1629675,MIN,PF,12467238.52,12563735.59,11923816.97,13075670.48,836764.27,3.1006,starter,71,24.3,11.5,6.0,1.7,0.7,1.0,1.4,0.478,0.709,0.374,1.9,24.9,44.3,7.3,73,9.2,4.4,3.6,1.3,1.3,0.4
135,Kelly Oubre Jr.,1626162,PHI,SG,12333111.58,12307768.14,11667849.52,12947686.76,848272.63,3.025,starter,57,32.4,15.1,5.8,2.1,1.2,0.6,1.5,0.464,0.767,0.342,3.3,29.0,45.4,14.0,64,12.0,5.6,4.1,1.4,2.6,0.5
136,Ty Jerome,1629660,MEM,SG,12314196.65,12307768.14,11795833.24,12947686.76,813314.98,3.0059,starter,32,21.8,13.0,2.7,3.7,1.0,0.2,1.4,0.468,0.854,0.404,2.4,23.8,43.1,6.5,76,9.9,4.6,4.4,1.8,2.0,0.4
137,Zach Edey,1641744,MEM,C,12265909.46,12307768.14,11667849.52,12819703.03,815052.41,2.9736,starter,35,22.9,10.2,8.1,1.2,0.6,1.3,1.5,0.578,0.718,0.309,2.3,25.8,47.2,7.0,59,7.1,4.1,0.7,0.2,1.7,0.4
138,Myles Turner,1626167,MIL,PF,12214033.39,12179784.41,11667849.52,12819703.03,795810.89,2.9434,starter,68,25.6,11.6,6.1,1.3,0.6,1.5,1.3,0.487,0.736,0.381,2.6,25.9,45.2,8.3,71,8.6,4.2,3.4,1.3,1.9,0.4
139,Kyle Filipowski,1642271,UTA,C,12195870.37,12179784.41,11539865.79,12691719.31,802145.56,2.9269,starter,71,22.2,9.7,6.6,1.8,0.7,0.7,1.4,0.509,0.699,0.334,2.4,23.3,41.1,7.1,61,7.3,3.7,2.0,0.7,1.7,0.4
140,Nic Claxton,1629651,BKN,C,12160800.16,12179784.41,11539865.79,12691719.31,802709.47,2.9212,starter,66,25.3,10.0,7.0,2.2,0.7,1.2,1.3,0.562,0.608,0.269,2.6,26.1,46.4,7.6,70,7.4,4.2,0.3,0.1,1.6,0.4
141,Bub Carrington,1642267,WAS,PG,11996842.35,11923816.97,11411882.07,12563735.59,790633.72,2.8162,rotation,74,25.6,9.6,3.3,3.7,0.7,0.2,1.8,0.418,0.761,0.367,1.4,20.1,37.3,4.4,73,8.3,3.5,4.1,1.5,1.1,0.4
142,Maxime Raynaud,1642875,SAC,C,11934927.55,11923816.97,11411882.07,12449083.5,768118.88,2.7583,rotation,70,24.0,10.4,6.9,1.3,0.6,0.8,1.2,0.556,0.728,0.327,2.2,23.5,43.0,6.4,65,7.7,4.3,0.9,0.3,1.6,0.4
143,Grant Williams,1629684,CHA,SF,11741056.21,11777168.95,11155914.62,12307768.14,741922.4,2.5926,rotation,42,23.5,8.8,4.4,1.7,0.7,0.5,1.1,0.455,0.784,0.374,1.9,19.1,34.3,5.1,73,6.7,3.0,3.4,1.3,1.5,0.4
144,Julian Reese,1642882,WAS,SF,11726911.34,11667849.52,11155914.62,12225111.98,712999.89,2.5917,rotation,32,32.4,16.4,7.4,3.0,1.1,0.8,2.2,0.476,0.752,0.347,4.1,33.3,52.1,15.5,61,12.7,6.1,3.4,1.2,3.1,0.5
145,Jeremiah Fears,1642847,NOP,PG,11705634.05,11667849.52,11143249.56,12225111.98,734404.98,2.5814,rotation,74,23.6,11.2,3.2,3.0,1.0,0.3,1.8,0.429,0.783,0.337,2.3,21.5,40.2,4.2,66,9.7,4.2,3.4,1.1,1.8,0.4
146,Reed Sheppard,1642263,HOU,PG,11509925.6,11441211.67,11019265.34,12051800.69,666356.77,2.3248,rotation,69,21.0,9.3,2.5,2.5,1.0,0.4,1.2,0.42,0.792,0.372,1.2,19.1,35.7,4.0,61,8.1,3.4,4.3,1.6,0.9,0.4
147,De'Anthony Melton,1629001,GSW,PG,11492925.1,11539865.79,10969938.27,12001140.47,665795.03,2.269,rotation,44,23.3,10.4,3.0,2.7,1.2,0.3,1.4,0.413,0.822,0.337,2.0,21.3,37.9,5.9,68,8.9,3.7,4.3,1.4,1.6,0.4
148,Cormac Ryan,1642504,MIL,PG,11476911.13,11411882.07,11019265.34,12001140.47,632222.09,2.2993,rotation,28,22.2,10.1,2.7,2.5,0.9,0.2,1.3,0.457,0.842,0.388,1.7,19.1,33.9,5.3,45,7.8,3.6,3.9,1.5,1.5,0.4
149,Cedric Coward,1642907,MEM,PG,11403941.75,11411882.07,10881282.88,12001140.47,691169.96,2.098,rotation,60,23.2,10.8,4.1,2.6,0.7,0.3,1.4,0.453,0.817,0.346,2.1,21.3,40.4,4.2,72,8.7,3.9,3.7,1.3,1.7,0.4
150,Trae Young,1629027,WAS,PG,11389735.55,11441211.67,10881282.88,12001140.47,711339.02,2.0235,rotation,42,27.0,16.1,2.5,6.7,1.0,0.2,2.6,0.433,0.842,0.351,4.7,30.0,53.2,8.2,73,11.9,5.1,5.3,1.9,4.0,0.4
151,Klay Thompson,202691,DAL,PG,11379166.23,11411882.07,10881282.88,12001140.47,709969.35,1.962,rotation,65,23.4,11.4,2.6,2.1,0.6,0.3,1.1,0.415,0.834,0.382,1.2,19.4,35.7,5.0,74,9.8,4.1,5.9,2.3,1.0,0.4
152,Malik Monk,1628370,SAC,PG,11340909.76,11411882.07,10771963.45,12001140.47,708012.12,1.9462,rotation,61,24.3,12.2,2.6,3.5,0.7,0.4,1.6,0.437,0.845,0.363,2.0,22.5,40.6,6.2,65,10.1,4.4,4.7,1.7,1.7,0.4
153,Aaron Nesmith,1630174,IND,SG,11314566.44,11329225.91,10771963.45,11889154.71,703062.92,1.9204,rotation,52,30.2,14.7,4.1,3.0,0.9,0.4,1.6,0.45,0.828,0.385,2.9,26.7,41.3,13.1,65,11.6,5.2,5.1,2.0,2.4,0.5
154,Deandre Ayton,1629028,LAL,C,11305372.95,11329225.91,10771963.45,11889154.71,719355.78,1.9248,rotation,62,26.1,11.4,8.0,1.2,0.7,1.0,1.3,0.59,0.676,0.276,1.9,26.3,47.5,7.6,69,8.5,5.0,0.4,0.1,1.3,0.4
155,Scotty Pippen Jr.,1630590,MEM,PG,11303415.86,11329225.91,10771963.45,11943147.85,742172.19,1.9166,rotation,35,21.9,10.1,2.7,3.6,1.3,0.3,1.8,0.452,0.772,0.361,2.0,21.7,39.5,5.5,78,8.2,3.7,3.1,1.1,1.5,0.4
156,Jalen Green,1630224,PHX,PG,11266215.26,11250569.25,10769297.12,11889154.71,770588.08,1.829,rotation,51,26.1,14.7,3.6,2.9,0.9,0.3,1.9,0.425,0.784,0.336,2.7,25.0,46.4,6.2,66,12.7,5.4,5.6,1.9,2.1,0.4
157,Scoot Henderson,1630703,POR,PG,11172869.8,11217240.16,10643979.72,11777168.95,779353.48,1.776,rotation,45,24.0,11.5,2.8,3.6,0.8,0.2,2.1,0.417,0.804,0.35,2.6,21.4,40.4,4.2,75,9.6,4.0,4.0,1.4,2.1,0.4
158,Dylan Harper,1642844,SAS,PG,11126521.03,11105254.4,10626648.59,11777168.95,771776.54,1.7394,rotation,66,22.1,10.1,3.1,3.1,0.8,0.3,1.4,0.467,0.765,0.342,1.7,20.4,37.8,4.5,72,8.4,3.9,2.8,1.0,1.3,0.4
159,Ace Bailey,1642846,UTA,SF,11075191.55,11105254.4,10515996.0,11777168.95,817813.67,1.665,rotation,68,24.4,11.1,4.2,1.5,0.8,0.6,1.3,0.449,0.729,0.341,1.6,21.3,38.4,6.0,62,9.6,4.3,3.9,1.3,1.2,0.4
160,Luke Kennard,1628379,LAL,PG,11064814.21,11027930.9,10515996.0,11777168.95,815925.12,1.6718,rotation,65,22.4,8.9,2.6,2.7,0.7,0.1,1.1,0.468,0.853,0.425,1.2,17.5,31.0,5.2,63,6.8,3.2,3.6,1.5,1.0,0.4
161,Cam Thomas,1630560,MIL,PG,11033823.48,10993268.64,10515996.0,11667849.52,823647.4,1.6573,rotation,45,24.1,14.0,2.6,2.8,0.6,0.2,1.7,0.43,0.832,0.343,3.4,21.9,40.6,5.4,66,11.2,4.8,4.4,1.5,2.8,0.4
162,John Collins,1628381,LAC,PF,10938014.33,10993268.64,10382679.62,11553197.43,820372.12,1.5857,rotation,61,25.6,12.7,5.8,1.3,0.8,0.7,1.4,0.519,0.788,0.388,2.4,24.6,44.2,6.5,74,9.3,4.8,3.0,1.2,1.9,0.4
163,Bez Mbeng,1643016,UTA,PG,10898837.98,10881282.88,10382679.62,11465875.2,810004.72,1.5437,rotation,33,32.4,15.0,4.3,4.7,1.4,0.3,2.1,0.458,0.789,0.344,3.2,30.4,46.9,14.7,44,12.0,5.5,4.3,1.5,2.6,0.5
164,Cason Wallace,1641717,OKC,PG,10837611.1,10769297.12,10209368.33,11553197.43,853025.34,1.5063,rotation,69,23.9,8.3,2.8,2.4,1.3,0.4,1.0,0.444,0.787,0.36,1.1,19.2,36.4,3.8,66,7.1,3.1,3.2,1.1,0.8,0.4
165,Keldon Johnson,1629640,SAS,SG,10701951.02,10657311.36,10094716.24,11329225.91,855084.68,1.4201,rotation,73,23.5,11.5,4.9,1.6,0.6,0.3,1.0,0.487,0.767,0.348,2.3,21.6,38.5,6.4,73,8.9,4.3,3.1,1.1,1.8,0.4
166,Kennedy Chandler,1631113,UTA,PG,10687235.56,10657311.36,10094716.24,11329225.91,871278.27,1.4088,rotation,31,32.1,16.6,4.2,5.1,1.1,0.3,2.2,0.452,0.785,0.367,3.7,31.5,48.8,15.0,55,13.2,6.0,4.7,1.7,2.9,0.5
167,Jonathan Kuminga,1630228,ATL,SF,10628976.3,10545325.6,9985396.81,11329225.91,888069.24,1.3785,rotation,46,22.8,11.4,4.8,1.8,0.7,0.4,1.4,0.471,0.709,0.33,3.0,21.8,40.1,5.0,68,8.9,4.2,2.5,0.8,2.1,0.4
168,Sam Hauser,1630573,BOS,SF,10614034.2,10545325.6,9985396.81,11217240.16,853629.72,1.3692,rotation,71,22.7,8.8,3.9,1.3,0.6,0.3,0.6,0.447,0.766,0.398,0.8,17.3,31.2,4.6,67,7.0,3.1,4.6,1.8,0.6,0.4
169,Malachi Smith,1641869,BKN,PG,10580545.12,10530660.8,9873411.05,11217240.16,880623.32,1.3552,rotation,30,22.4,8.9,2.8,2.8,0.8,0.3,1.2,0.446,0.815,0.373,1.4,18.5,33.4,4.9,61,7.3,3.3,3.3,1.2,1.2,0.4
170,Tristan da Silva,1641783,ORL,SF,10570583.72,10545325.6,9985396.81,11105254.4,849086.16,1.3372,rotation,70,22.5,8.6,3.9,1.4,0.7,0.4,0.9,0.45,0.79,0.357,1.4,17.7,32.5,4.4,63,7.1,3.2,3.0,1.1,1.1,0.4
171,Jaden Ivey,1631093,CHI,PG,10516939.88,10478667.41,9902740.66,11105254.4,832194.67,1.3177,rotation,43,22.8,10.8,2.9,2.7,0.8,0.3,1.6,0.442,0.765,0.37,2.2,20.1,37.3,5.0,74,8.8,3.9,3.7,1.4,1.7,0.4
172,Kris Dunn,1627739,LAC,PG,10396181.9,10321354.09,9761425.29,10881282.88,792403.88,1.2263,rotation,70,23.3,7.1,2.9,3.1,1.2,0.2,1.2,0.446,0.777,0.359,1.0,18.4,33.6,4.8,75,6.0,2.7,2.7,1.0,0.7,0.4
173,Miles McBride,1630540,NYK,PG,10299314.22,10286691.83,9649439.53,10771963.45,850631.7,1.1815,rotation,50,23.4,9.8,2.4,2.5,0.9,0.2,0.9,0.426,0.801,0.391,1.3,18.7,34.2,4.7,70,8.2,3.5,4.5,1.8,1.0,0.4
174,Javon Small,1642914,MEM,PG,10269478.02,10209368.33,9649439.53,10670643.0,801853.45,1.1403,rotation,47,21.3,9.3,2.9,3.0,0.8,0.2,1.3,0.447,0.806,0.382,1.8,19.1,35.1,4.5,61,7.3,3.3,3.3,1.3,1.5,0.4
175,Dennis Schröder,203471,CLE,PG,10235031.73,10200036.18,9649439.53,10670643.0,815701.15,1.1042,rotation,66,24.6,10.4,2.6,4.2,0.8,0.2,1.6,0.415,0.828,0.348,2.3,21.2,38.7,5.6,69,8.8,3.7,3.6,1.2,1.9,0.4
176,D'Angelo Russell,1626156,DAL,PG,10210813.48,10190704.03,9649439.53,10670643.0,832139.49,1.1023,rotation,45,22.9,10.9,2.6,3.9,0.7,0.2,1.6,0.42,0.788,0.342,2.1,21.1,37.4,6.2,60,9.2,3.9,4.5,1.5,1.6,0.4
177,Ryan Kalkbrenner,1641750,CHA,C,10062080.39,10094716.24,9518789.48,10574655.21,825527.74,0.9931,rotation,66,21.5,8.0,5.9,1.0,0.5,1.2,1.0,0.617,0.687,0.313,1.9,20.9,36.9,5.7,72,5.3,3.3,0.5,0.1,1.3,0.4
178,Taurean Prince,1627752,MIL,SF,10010119.0,9998728.45,9518789.48,10478667.41,802381.96,0.9678,rotation,48,24.0,8.5,3.6,1.7,0.7,0.3,1.1,0.452,0.782,0.415,0.9,17.4,31.5,4.9,58,6.8,3.1,3.8,1.6,0.7,0.4
179,Luguentz Dort,1629652,OKC,PG,9895373.59,9902740.66,9425468.02,10382679.62,754392.15,0.8928,rotation,66,25.6,9.2,3.3,1.8,0.9,0.4,0.9,0.419,0.791,0.372,1.2,18.7,33.2,5.2,70,7.8,3.2,4.5,1.7,1.0,0.4
180,Tari Eason,1631106,HOU,SF,9884412.32,9902740.66,9422801.69,10382679.62,772644.81,0.8848,rotation,55,23.1,9.7,5.5,1.4,1.1,0.6,1.1,0.455,0.73,0.352,1.6,22.2,40.7,5.5,72,8.2,3.7,2.9,1.0,1.2,0.4
181,Aaron Gordon,203932,DEN,SF,9884404.32,9873411.05,9326813.9,10382679.62,797373.09,0.8844,rotation,47,25.9,12.5,5.1,2.4,0.6,0.4,1.2,0.501,0.756,0.383,3.1,23.9,43.0,7.2,68,8.9,4.5,3.1,1.2,2.4,0.4
182,Jusuf Nurkić,203994,UTA,C,9875674.76,9902740.66,9326813.9,10382679.62,801054.49,0.8729,rotation,50,23.5,9.1,8.3,2.8,0.9,0.8,1.8,0.498,0.623,0.327,2.4,26.4,46.6,8.2,70,7.2,3.6,1.4,0.4,1.5,0.4
183,T.J. McConnell,204456,IND,PG,9862260.47,9902740.66,9326813.9,10433339.84,800487.84,0.8717,rotation,59,18.9,8.7,2.4,4.1,0.9,0.2,1.2,0.498,0.794,0.349,0.9,19.7,35.8,5.0,72,7.5,3.7,1.5,0.5,0.8,0.4
184,Jaylen Wells,1642377,MEM,SF,9800481.66,9806752.86,9326813.9,10286691.83,787783.68,0.8285,rotation,66,24.0,10.2,3.8,1.5,0.7,0.3,1.0,0.442,0.765,0.35,2.0,19.0,34.5,4.6,71,8.3,3.7,3.8,1.3,1.6,0.4
185,Bilal Coulibaly,1641731,WAS,PG,9794695.73,9806752.86,9326813.9,10336685.47,797068.38,0.8156,rotation,58,25.4,10.2,3.7,2.5,1.0,0.6,1.5,0.426,0.753,0.326,2.4,21.9,40.9,4.6,70,8.5,3.6,3.3,1.1,1.8,0.4
186,Santi Aldama,1630583,MEM,PF,9791362.82,9806752.86,9313482.26,10321354.09,778400.69,0.8187,rotation,50,24.5,10.9,5.5,2.1,0.7,0.6,1.1,0.472,0.686,0.354,1.9,23.7,43.2,6.2,71,8.8,4.1,3.6,1.3,1.3,0.4
187,Sion James,1642883,CHA,PG,9704053.92,9710765.07,9230826.1,10286691.83,775294.15,0.7531,rotation,74,22.0,7.2,3.1,2.2,0.7,0.2,1.0,0.413,0.806,0.354,1.5,16.1,29.6,3.8,69,6.0,2.5,3.0,1.0,1.2,0.4
188,Sam Merrill,1630241,CLE,PG,9578885.84,9614777.28,9038850.52,10190704.03,853211.32,0.672,rotation,56,22.4,9.6,2.4,2.2,0.7,0.2,0.8,0.436,0.841,0.396,1.2,17.4,30.9,5.1,65,7.5,3.3,5.0,2.0,1.0,0.4
189,Isaiah Hartenstein,1628392,OKC,PF,9456181.44,9518789.48,8846874.93,10094716.24,833495.81,0.6024,rotation,53,24.0,8.8,8.2,2.5,0.8,1.0,1.4,0.584,0.656,0.236,2.1,26.3,47.6,7.6,72,6.3,3.7,0.3,0.1,1.4,0.4
190,Khris Middleton,203114,DAL,SF,9436096.0,9518789.48,8846874.93,9998728.45,809732.63,0.5992,rotation,57,22.7,9.9,3.9,2.8,0.7,0.3,1.4,0.452,0.83,0.367,1.9,20.3,36.9,5.4,70,8.0,3.6,2.9,1.1,1.6,0.4
191,Marvin Bagley III,1628963,DAL,SF,9430832.67,9518789.48,8812212.67,10094716.24,851829.36,0.5854,rotation,54,19.1,8.9,4.8,1.2,0.5,0.5,0.9,0.538,0.711,0.368,2.0,18.6,33.4,5.0,61,6.5,3.5,1.4,0.5,1.4,0.4
192,Dejounte Murray,1627749,NOP,PG,9400628.51,9422801.69,8812212.67,9998728.45,827740.9,0.5533,rotation,35,26.9,14.0,4.3,4.9,1.3,0.2,2.3,0.444,0.831,0.334,2.7,28.8,51.1,8.5,80,11.6,5.2,4.4,1.5,2.2,0.4
193,Ajay Mitchell,1642349,OKC,PG,9364281.13,9422801.69,8750887.14,9998728.45,799944.43,0.541,rotation,55,21.9,9.8,2.7,2.7,0.9,0.2,1.2,0.463,0.828,0.356,1.9,19.3,35.5,4.6,72,7.8,3.6,2.8,1.0,1.6,0.4
194,Mark Williams,1631109,PHX,C,9343897.06,9326813.9,8732222.84,9998728.45,862430.38,0.5301,rotation,53,23.4,10.7,7.7,1.3,0.7,1.0,1.2,0.594,0.733,0.332,2.7,26.0,45.9,7.1,72,7.3,4.3,0.3,0.1,2.0,0.4
195,DeJon Jarreau,1630610,MEM,PG,9253415.23,9230826.1,8652233.02,9902740.66,834236.52,0.4654,rotation,27,21.5,8.8,3.3,2.8,0.9,0.4,1.5,0.427,0.804,0.312,1.7,19.1,34.5,5.2,78,7.5,3.2,3.3,1.0,1.4,0.4
196,Leaky Black,1641778,WAS,SF,9236382.73,9230826.1,8572243.19,9902740.66,857604.38,0.4621,rotation,33,28.9,12.9,5.7,2.5,1.0,0.7,1.6,0.458,0.776,0.353,2.9,26.9,41.6,13.0,61,10.3,4.7,3.5,1.2,2.3,0.5
197,Caris LeVert,1627747,DET,PG,9076605.72,9038850.52,8462923.76,9710765.07,841129.27,0.3673,rotation,59,22.2,9.3,2.6,3.0,0.9,0.4,1.3,0.432,0.742,0.351,1.8,19.5,35.6,5.3,78,7.8,3.4,3.4,1.2,1.3,0.4
198,Daniel Gafford,1629655,DAL,PF,9074803.28,9038850.52,8462923.76,9710765.07,895333.79,0.3669,rotation,57,22.2,9.9,6.0,1.3,0.7,1.1,1.1,0.596,0.702,0.365,2.5,23.4,41.9,6.3,68,6.6,3.9,0.9,0.3,1.8,0.4
199,Alex Sarr,1642259,WAS,C,8984574.75,8846874.93,8366935.97,9614777.28,853216.89,0.3162,rotation,52,24.4,11.9,6.7,1.9,0.7,1.4,1.5,0.478,0.679,0.321,2.5,27.7,48.9,7.4,65,9.9,4.7,2.4,0.8,1.7,0.4
200,Jake LaRavia,1631222,LAL,SF,8976021.17,8942862.72,8332273.71,9649439.53,893922.28,0.3196,rotation,65,22.4,8.3,4.1,1.7,0.9,0.4,1.1,0.455,0.745,0.348,2.0,18.6,34.2,4.6,61,6.5,3.0,2.6,0.9,1.5,0.4
201,Isaiah Jackson,1630543,LAC,SF,8921852.06,8812212.67,8332273.71,9518789.48,877656.12,0.2814,rotation,47,18.0,7.5,4.6,1.1,0.6,0.7,1.0,0.544,0.696,0.337,1.8,17.8,32.6,4.4,59,5.4,2.9,1.0,0.3,1.3,0.4
202,Day'Ron Sharpe,1630549,BKN,C,8886739.19,8812212.67,8270948.17,9518789.48,869244.57,0.2596,rotation,60,19.3,8.1,6.4,1.6,0.7,0.8,1.3,0.554,0.673,0.281,2.1,21.4,37.8,5.8,66,5.9,3.2,0.6,0.2,1.4,0.4
203,Tyler Burton,1631174,MEM,SF,8778712.93,8732222.84,8174960.38,9326813.9,881233.06,0.1969,rotation,29,22.0,9.0,4.3,1.3,0.7,0.5,1.0,0.451,0.753,0.346,1.8,18.7,33.2,5.5,66,7.2,3.3,3.0,1.1,1.4,0.4
204,Kentavious Caldwell-Pope,203484,MEM,PG,8729993.79,8654899.34,8174960.38,9326813.9,848652.62,0.1648,rotation,56,24.0,8.3,2.4,2.5,0.9,0.3,1.1,0.427,0.86,0.35,1.4,17.4,31.4,4.8,76,7.0,3.0,3.3,1.2,1.2,0.4
205,Isaiah Joe,1630198,OKC,PG,8608289.27,8572243.19,8078972.59,9201496.5,864931.43,0.0988,rotation,66,21.5,9.7,2.6,1.9,0.7,0.2,0.9,0.443,0.839,0.403,1.4,17.4,31.4,4.7,65,7.5,3.3,4.7,1.9,1.2,0.4
206,Mike Conley,201144,MIN,PG,8553309.6,8558911.55,8078972.59,9038850.52,846916.99,0.0828,rotation,60,21.3,7.0,2.2,3.4,0.8,0.2,1.0,0.405,0.869,0.379,1.1,16.9,30.4,4.3,71,5.8,2.4,3.5,1.3,1.0,0.4
207,Zaccharie Risacher,1642258,ATL,SF,8532613.56,8492253.36,8012314.4,9134838.31,887436.44,0.0639,rotation,65,22.3,9.6,4.0,1.2,0.7,0.5,1.0,0.459,0.697,0.356,1.7,19.0,34.9,4.5,67,8.0,3.7,3.2,1.2,1.2,0.4
208,Daniss Jenkins,1642450,DET,PG,8459094.91,8462923.76,7970319.74,8942862.72,901326.7,0.0148,rotation,51,20.9,9.0,2.5,3.2,0.8,0.2,1.4,0.422,0.811,0.364,1.9,18.6,34.5,4.6,52,7.6,3.2,2.9,1.1,1.6,0.4
209,Vít Krejčí,1630249,POR,PG,8401619.55,8412263.53,7932324.57,8846874.93,866104.06,-0.0002,rotation,56,21.7,8.1,2.5,2.2,0.7,0.3,1.0,0.45,0.778,0.39,1.1,16.6,30.3,4.2,67,6.5,2.9,3.7,1.5,0.9,0.4
210,Micah Potter,1630695,IND,C,8347274.47,8412263.53,7886997.0,8846874.93,896000.48,-0.0478,rotation,49,19.6,7.3,5.3,1.1,0.5,0.6,0.9,0.521,0.744,0.389,1.6,17.8,31.6,5.3,61,5.2,2.7,1.8,0.7,1.2,0.3
211,Jordan Poole,1629673,NOP,PG,8334468.09,8332273.71,7852334.74,8846874.93,876523.97,-0.0504,rotation,51,25.0,13.2,2.5,3.3,0.8,0.3,1.8,0.411,0.851,0.35,2.6,22.8,41.0,6.1,65,10.9,4.5,5.9,2.1,2.2,0.4
212,GG Jackson,1641713,MEM,SF,8320792.5,8366935.97,7886997.0,8812212.67,890379.61,-0.0592,rotation,52,20.9,10.0,4.1,1.3,0.6,0.6,1.2,0.455,0.733,0.341,2.2,19.0,34.9,4.5,61,8.1,3.7,3.1,1.1,1.6,0.4
213,John Poulakidas,1642967,DAL,PG,8210590.51,8270948.17,7692355.09,8732222.84,896470.99,-0.1224,rotation,29,21.2,9.0,2.7,2.3,0.8,0.3,1.1,0.437,0.797,0.37,1.5,17.6,32.3,4.2,60,7.4,3.2,3.7,1.4,1.2,0.4
214,Kristaps Porziņģis,204001,GSW,PF,8154624.3,8252283.88,7612365.26,8732222.84,890564.5,-0.1437,rotation,43,24.6,14.1,5.3,1.9,0.6,1.0,1.2,0.47,0.817,0.369,3.6,27.1,48.6,8.1,74,10.2,4.8,4.1,1.5,2.9,0.4
215,Tre Johnson,1642848,WAS,PG,8131328.59,8252283.88,7532375.43,8654899.34,930490.03,-0.162,rotation,60,22.6,10.2,2.8,2.3,0.7,0.3,1.4,0.423,0.812,0.352,1.6,18.6,34.5,4.1,76,8.9,3.8,4.1,1.4,1.3,0.4
216,Bogdan Bogdanović,203992,LAC,PG,8047352.61,8092304.22,7372395.78,8652233.02,944956.75,-0.201,rotation,42,22.4,9.2,2.6,2.6,0.7,0.2,1.2,0.417,0.834,0.361,1.3,17.7,31.9,4.9,57,7.9,3.3,4.2,1.5,1.1,0.4
217,Buddy Hield,1627741,ATL,PG,7899806.04,8078972.59,7292405.95,8558911.55,940702.45,-0.2809,rotation,58,20.4,8.8,2.6,2.1,0.8,0.2,1.1,0.428,0.812,0.365,0.9,17.0,30.7,4.7,58,7.5,3.2,4.4,1.6,0.8,0.4
218,Alex Caruso,1627936,OKC,PG,7874238.62,7982984.79,7132426.29,8492253.36,944432.04,-0.2795,rotation,56,20.8,7.5,2.8,2.5,1.2,0.4,1.0,0.433,0.801,0.346,1.2,18.2,33.2,4.8,73,6.3,2.7,3.2,1.1,0.9,0.4
219,Jamal Shead,1642347,TOR,PG,7857587.41,7932324.57,7192418.66,8492253.36,948461.95,-0.3063,rotation,73,21.4,7.7,2.1,3.8,0.8,0.2,1.4,0.408,0.781,0.336,1.4,17.7,32.5,4.2,69,6.8,2.8,3.0,1.0,1.1,0.4
220,Al Horford,201143,GSW,PF,7855731.64,8012314.4,7113762.0,8492253.36,983822.95,-0.3039,rotation,53,22.6,7.7,5.6,2.0,0.6,0.9,0.9,0.447,0.758,0.369,0.9,21.2,38.9,4.1,70,6.5,2.9,3.1,1.2,0.7,0.3
221,Derrick Jones Jr.,1627884,LAC,SF,7840890.86,7982984.79,7098430.62,8492253.36,964305.82,-0.2947,rotation,57,24.1,9.4,3.8,1.2,0.8,0.6,0.9,0.491,0.743,0.358,1.8,19.1,34.4,4.9,68,7.2,3.5,2.7,1.0,1.3,0.4
222,Oso Ighodaro,1642345,PHX,SF,7776539.05,7932324.57,7049770.14,8492253.36,951957.39,-0.3448,rotation,70,20.6,6.7,4.4,1.6,0.7,0.6,1.0,0.538,0.61,0.34,1.4,17.1,31.6,3.9,63,5.1,2.8,0.9,0.3,0.9,0.4
223,Jaylin Williams,1631119,OKC,SF,7743985.85,7886997.0,6985778.28,8412263.53,948466.81,-0.359,rotation,60,19.0,7.0,4.8,1.9,0.5,0.6,0.9,0.446,0.748,0.373,1.3,17.8,32.9,4.1,57,5.5,2.5,2.8,1.0,1.0,0.4
224,Moses Moody,1630541,GSW,PG,7548909.33,7532375.43,6892456.81,8252283.88,918865.87,-0.4596,rotation,61,22.5,9.9,2.9,1.8,0.8,0.4,1.0,0.439,0.781,0.379,1.7,18.6,34.2,4.4,62,7.9,3.5,4.2,1.6,1.4,0.4
225,Quinten Post,1642366,GSW,C,7371811.85,7292405.95,6732477.16,8112301.68,980697.16,-0.5338,rotation,60,19.2,8.0,5.0,1.3,0.5,0.7,1.0,0.485,0.697,0.361,1.4,18.6,33.0,5.4,65,6.4,3.1,2.5,0.9,0.9,0.4
226,Patrick Williams,1630172,CHI,SF,7338168.13,7212416.12,6732477.16,8092304.22,1018193.17,-0.5495,rotation,63,22.3,8.2,3.8,1.5,0.7,0.5,1.1,0.425,0.729,0.355,1.5,17.5,32.1,4.4,65,7.1,3.0,3.1,1.1,1.1,0.4
227,Keon Ellis,1631165,CLE,PG,7317688.07,7292405.95,6729810.83,8092304.22,1011989.14,-0.5579,rotation,66,21.6,7.7,2.3,1.8,1.0,0.5,0.9,0.446,0.786,0.382,1.2,16.9,30.4,4.5,59,6.1,2.7,3.3,1.3,1.0,0.4
228,Jarace Walker,1641716,IND,SF,7317288.12,7212416.12,6731810.58,8078972.59,985663.51,-0.5588,rotation,65,20.4,8.4,4.1,1.6,0.7,0.4,1.2,0.444,0.73,0.37,1.7,18.0,32.6,4.4,60,6.9,3.1,2.8,1.0,1.2,0.4
229,Walter Clayton Jr.,1642383,MEM,PG,7298706.48,7212416.12,6665818.97,8092304.22,1005197.57,-0.5628,rotation,65,21.1,8.4,2.4,3.2,0.7,0.3,1.5,0.414,0.84,0.332,1.7,17.6,32.3,4.1,66,7.1,2.9,3.3,1.1,1.4,0.4
230,Jalen Slawson,1641771,IND,SF,7297090.69,7212416.12,6729810.83,8078972.59,1011450.67,-0.5717,rotation,29,19.8,7.5,3.9,1.5,0.8,0.5,1.0,0.469,0.724,0.354,1.5,17.4,30.9,5.2,48,6.0,2.8,2.3,0.8,1.1,0.4
231,Ronald Holland II,1641842,DET,SF,7281865.96,7132426.29,6652487.33,8078972.59,1022547.85,-0.574,rotation,72,19.3,7.7,3.8,1.2,0.8,0.4,1.1,0.45,0.757,0.287,1.7,16.5,30.8,4.2,70,6.4,2.9,2.2,0.6,1.3,0.4
232,Jamir Watkins,1642364,WAS,SF,7218572.67,7132426.29,6652487.33,7982984.79,994094.68,-0.601,rotation,51,21.2,8.1,4.2,1.4,0.9,0.5,0.9,0.461,0.713,0.324,1.8,18.3,33.6,4.6,62,6.5,3.0,2.7,0.9,1.3,0.4
233,Will Riley,1642860,WAS,SF,7184600.99,7113762.0,6601827.1,7982984.79,1055133.66,-0.6124,rotation,69,21.4,9.1,3.6,1.6,0.7,0.3,1.1,0.448,0.764,0.328,2.0,17.7,33.0,4.5,53,7.4,3.3,2.8,0.9,1.6,0.4
234,Lonzo Ball,1628366,CLE,PG,7142243.71,7052436.47,6572497.5,7982984.79,1033696.55,-0.6422,rotation,43,21.7,7.4,3.2,3.1,1.1,0.3,1.3,0.391,0.79,0.331,1.1,18.7,33.7,5.1,70,6.6,2.6,4.0,1.3,0.9,0.4
235,Taylor Hendricks,1641707,MEM,SF,7114193.95,7052436.47,6563831.94,7932324.57,1042274.17,-0.6486,rotation,47,20.6,7.9,4.2,1.1,0.7,0.6,0.9,0.461,0.718,0.351,1.4,17.6,31.9,4.3,56,6.4,3.0,2.7,1.0,1.0,0.4
236,Jordan Clarkson,203903,NYK,PG,7064634.91,6985778.28,6473843.38,7886997.0,1037531.48,-0.6712,rotation,58,22.1,10.5,2.5,2.7,0.6,0.2,1.4,0.424,0.821,0.342,2.0,18.6,33.5,5.2,70,8.9,3.8,3.7,1.3,1.7,0.4
237,Collin Murray-Boyles,1642867,TOR,SF,7062016.58,7017774.21,6572497.5,7772344.91,1006456.72,-0.6771,rotation,58,21.3,8.3,4.5,1.5,0.8,0.7,1.0,0.507,0.692,0.343,1.8,19.3,36.0,4.9,58,6.4,3.2,1.8,0.6,1.2,0.4
238,Aaron Wiggins,1630598,OKC,PG,6967900.55,6972446.64,6409851.52,7692355.09,1056652.23,-0.7216,rotation,64,21.3,9.3,2.9,2.0,0.8,0.3,1.1,0.453,0.79,0.373,1.3,18.0,32.0,5.0,56,7.8,3.5,3.5,1.3,1.0,0.4
239,Jordan Goodwin,1630692,PHX,PG,6898717.35,6907121.61,6345859.66,7532375.43,1001242.13,-0.7457,rotation,58,21.2,7.9,3.7,2.3,1.1,0.2,1.1,0.419,0.776,0.363,1.1,18.7,33.2,5.1,66,7.1,3.0,3.2,1.2,0.8,0.4
240,Brice Sensabaugh,1641729,UTA,SF,6883532.61,6892456.81,6281867.79,7612365.26,1044798.32,-0.7578,rotation,64,21.4,10.7,3.7,1.5,0.7,0.3,1.4,0.455,0.794,0.366,1.9,18.9,34.3,4.6,60,8.5,3.9,3.9,1.4,1.5,0.4
241,Jalen Smith,1630188,CHI,PF,6871075.53,6892456.81,6281867.79,7552372.89,1030108.09,-0.7578,rotation,57,19.7,9.1,5.4,1.2,0.5,0.6,0.9,0.488,0.738,0.362,1.7,19.8,35.3,5.9,66,6.9,3.4,2.9,1.1,1.3,0.4
242,Jakob Poeltl,1627751,TOR,C,6833000.37,6857794.55,6201877.96,7612365.26,1040708.15,-0.7773,rotation,52,24.7,10.2,7.3,1.9,0.8,1.0,1.4,0.618,0.638,0.36,2.1,25.8,45.0,8.2,68,7.1,4.4,0.3,0.1,1.3,0.4
243,Corey Kispert,1630557,ATL,SF,6818863.5,6812466.98,6153884.07,7612365.26,1061802.67,-0.7833,rotation,59,22.3,10.0,3.3,1.6,0.5,0.3,1.0,0.469,0.773,0.369,1.8,17.6,31.6,4.7,64,7.7,3.6,3.9,1.4,1.4,0.4
244,Blake Hinson,1642396,UTA,SF,6733922.3,6793802.69,6089892.21,7452385.6,1063801.11,-0.8165,rotation,30,21.2,9.2,3.9,1.3,0.6,0.4,0.9,0.481,0.73,0.392,1.6,18.2,32.4,5.4,70,7.1,3.4,3.1,1.2,1.2,0.4
245,Ja'Kobe Walter,1642266,TOR,PG,6486623.09,6601827.1,5753934.93,7052436.47,1072852.4,-0.9324,rotation,65,21.0,8.3,2.8,1.8,0.9,0.2,1.0,0.428,0.789,0.371,1.5,16.7,31.2,3.5,65,6.8,2.9,3.4,1.2,1.2,0.4
246,Isaiah Collier,1642268,UTA,PG,6392979.0,6537835.24,5705941.03,7052436.47,1072156.67,-0.9693,rotation,60,23.7,9.7,2.8,4.8,0.9,0.3,2.0,0.451,0.735,0.311,2.4,21.8,40.7,4.6,61,7.9,3.6,2.4,0.8,1.8,0.4
247,Cam Spencer,1642285,MEM,PG,6385121.33,6537835.24,5625951.21,7049770.14,1073450.87,-0.9726,rotation,57,20.3,8.6,2.3,3.3,0.7,0.2,1.1,0.446,0.87,0.397,1.5,17.8,32.1,4.8,64,6.7,3.0,3.3,1.3,1.3,0.4
248,Neemias Queta,1629674,BOS,C,6384137.45,6537835.24,5641949.17,6985778.28,1031152.41,-0.972,rotation,62,20.3,7.9,6.2,1.2,0.6,1.0,0.9,0.593,0.69,0.295,1.9,20.9,37.2,6.1,65,5.5,3.3,0.3,0.1,1.3,0.4
249,Moussa Diabaté,1631217,CHA,SF,6235340.38,6345859.66,5373316.67,6921786.41,1059286.19,-1.0327,rotation,59,20.2,7.1,5.6,1.3,0.7,0.6,0.9,0.532,0.675,0.344,1.9,18.7,34.3,4.7,64,5.2,2.8,0.9,0.3,1.3,0.4
250,Danny Wolf,1642874,BKN,SF,6229397.13,6345859.66,5385981.72,6972446.64,1083777.88,-1.0359,rotation,59,21.0,8.6,4.5,1.7,0.6,0.5,1.1,0.437,0.743,0.332,1.8,18.9,34.7,4.5,63,7.2,3.1,2.9,1.0,1.4,0.4
251,Robert Williams III,1629057,POR,PF,6228706.55,6281867.79,5433975.62,6921786.41,1048857.53,-1.0442,rotation,47,19.6,7.2,6.6,1.1,0.6,1.3,1.0,0.608,0.682,0.368,1.4,21.4,37.9,6.3,70,4.9,3.0,0.5,0.2,1.0,0.3
252,Obi Toppin,1630167,IND,SF,6172321.72,6249871.86,5335321.5,6892456.81,1046316.25,-1.0574,rotation,49,20.0,10.0,4.3,1.7,0.6,0.3,1.0,0.504,0.809,0.366,1.7,19.4,34.9,5.1,66,7.4,3.7,3.3,1.2,1.4,0.4
253,Egor Dëmin,1642856,BKN,PG,6111153.5,6153884.07,5321989.86,6812466.98,1071003.83,-1.0856,rotation,55,23.0,9.4,2.9,2.9,0.8,0.3,1.5,0.415,0.793,0.368,1.5,19.1,35.3,4.2,67,7.9,3.3,4.4,1.6,1.2,0.4
254,Dru Smith,1630696,MIA,PG,6093694.39,6089892.21,5257998.0,6812466.98,1085594.89,-1.0939,rotation,47,19.6,7.3,2.6,2.4,1.2,0.3,1.1,0.441,0.809,0.379,1.4,17.2,31.1,4.7,64,5.9,2.6,2.6,1.0,1.1,0.4
255,Ziaire Williams,1630533,BKN,SF,6056291.15,6121888.14,5257998.0,6812466.98,1088769.07,-1.1084,rotation,56,22.2,9.2,3.7,1.3,0.9,0.4,1.1,0.436,0.793,0.339,2.0,18.5,33.9,4.6,68,7.4,3.2,3.4,1.2,1.6,0.4
256,Adem Bona,1641737,PHI,SF,6054795.34,6089892.21,5257998.0,6857794.55,1111016.01,-1.1127,rotation,65,18.7,6.5,4.3,0.8,0.5,0.9,0.9,0.529,0.703,0.343,1.7,16.2,29.8,3.7,66,4.7,2.5,1.0,0.3,1.2,0.4
257,Jose Alvarado,1630631,NYK,PG,6042935.51,6089892.21,5257998.0,6812466.98,1108301.2,-1.1178,rotation,62,21.4,8.5,2.5,3.1,1.0,0.2,1.2,0.416,0.788,0.361,1.2,18.5,33.4,5.1,62,7.3,3.0,3.9,1.4,0.9,0.4
258,Cole Anthony,1630175,MIL,PG,6017082.8,6025900.34,5191339.81,6798468.76,1111002.85,-1.1272,rotation,50,19.3,8.6,2.8,2.9,0.7,0.3,1.5,0.429,0.782,0.346,1.5,17.9,32.7,4.5,64,7.5,3.2,2.8,1.0,1.2,0.4
259,Justin Edwards,1642348,PHI,SF,5969803.48,5961908.48,5257998.0,6732477.16,1062196.19,-1.1466,rotation,59,20.4,8.1,3.3,1.3,0.8,0.4,0.9,0.459,0.736,0.358,1.3,16.7,30.2,4.1,55,6.6,3.0,2.8,1.0,1.0,0.4
260,Jay Huff,1630643,IND,C,5906462.2,5897916.62,5143345.91,6729810.83,1074993.14,-1.1723,rotation,65,17.6,7.4,4.2,1.0,0.4,1.1,0.8,0.513,0.73,0.346,1.3,17.8,31.7,5.3,61,5.5,2.8,2.2,0.8,1.0,0.3
261,Isaiah Stewart,1630191,DET,PF,5890013.63,5897916.62,5095352.02,6729810.83,1080348.24,-1.1915,rotation,58,22.5,8.7,5.0,1.3,0.5,1.0,1.1,0.507,0.741,0.349,1.9,20.1,36.8,5.0,67,6.5,3.3,2.0,0.7,1.4,0.4
262,Jock Landale,1629111,ATL,C,5797270.75,5705941.03,5095352.02,6601827.1,1057814.79,-1.215,rotation,61,19.2,7.7,5.2,1.3,0.5,0.6,0.9,0.523,0.671,0.374,1.6,18.4,32.1,5.9,62,5.9,3.1,1.3,0.5,1.1,0.4
263,Luke Kornet,1628436,SAS,PF,5733713.5,5641949.17,4999364.22,6537835.24,1042314.1,-1.2429,rotation,66,20.3,6.8,5.8,1.5,0.5,0.9,0.7,0.594,0.74,0.353,1.6,19.5,34.1,6.2,68,4.6,2.8,0.2,0.1,1.2,0.4
264,Zach Collins,1628380,CHI,PF,5726677.06,5641949.17,4951370.33,6652487.33,1109161.62,-1.2522,rotation,40,19.7,8.8,4.9,1.6,0.5,0.5,1.1,0.508,0.748,0.37,1.8,18.8,33.9,5.0,72,6.6,3.3,2.2,0.8,1.4,0.4
265,Caleb Love,1631126,POR,PG,5714905.23,5705941.03,4999364.22,6537835.24,1045686.19,-1.254,rotation,51,21.3,9.4,2.6,2.5,0.7,0.2,1.3,0.413,0.773,0.335,1.4,17.7,32.9,4.4,56,8.4,3.5,4.2,1.4,1.1,0.4
266,Precious Achiuwa,1630173,SAC,SF,5686748.81,5577957.31,4951370.33,6537835.24,1072963.37,-1.2662,rotation,66,22.2,8.5,5.6,1.3,0.8,0.6,1.0,0.499,0.64,0.319,1.7,20.4,36.2,6.1,55,7.0,3.5,1.5,0.5,1.1,0.4
267,Tyson Etienne,1630623,BKN,PG,5514637.36,5385981.72,4759394.74,6345859.66,1074351.26,-1.3385,rotation,33,20.1,8.7,2.2,2.3,0.7,0.2,1.1,0.426,0.81,0.374,1.6,16.4,29.5,4.4,57,7.0,3.0,3.7,1.4,1.3,0.4
268,Brandon Williams,1630314,DAL,PG,5451890.68,5335321.5,4711400.84,6233873.89,1052981.78,-1.3693,rotation,51,19.5,9.3,2.4,2.7,0.7,0.2,1.3,0.454,0.793,0.326,2.4,17.9,32.2,4.8,63,7.3,3.3,2.5,0.8,1.9,0.4
269,John Konchar,1629723,UTA,PG,5378747.98,5287327.6,4615413.05,6153884.07,1087955.48,-1.3965,rotation,55,19.7,5.8,3.5,2.1,1.0,0.4,0.8,0.441,0.795,0.343,1.0,16.6,29.6,4.8,48,4.8,2.1,2.3,0.8,0.8,0.4
270,Max Strus,1629622,CLE,SG,5315281.38,5257998.0,4615413.05,6025900.34,1036996.46,-1.4212,rotation,37,24.3,9.9,4.0,2.7,0.6,0.2,1.1,0.435,0.804,0.382,1.1,20.0,35.5,5.8,67,8.1,3.5,5.1,2.0,0.9,0.4
271,Vince Williams Jr.,1631246,UTA,PG,5282256.25,5239333.71,4567419.16,6025900.34,1053741.95,-1.4401,rotation,44,21.5,8.2,3.4,3.0,0.7,0.3,1.4,0.408,0.794,0.334,1.5,18.6,34.0,4.7,62,7.1,2.9,3.6,1.2,1.2,0.4
272,Dylan Cardwell,1642928,SAC,C,5282216.25,5239333.71,4519425.26,6025900.34,1077185.36,-1.4378,rotation,50,21.3,7.4,6.8,1.3,0.6,1.2,1.0,0.556,0.631,0.346,1.8,22.0,38.9,6.0,72,5.5,3.0,0.6,0.2,1.1,0.4
273,Dorian Finney-Smith,1627827,HOU,SF,5212870.41,5143345.91,4423437.47,5961908.48,1076090.38,-1.4706,rotation,48,22.4,6.8,3.7,1.4,0.7,0.3,0.9,0.426,0.754,0.351,0.9,15.4,28.0,4.3,78,5.8,2.5,3.2,1.1,0.7,0.4
274,Nikola Jović,1631107,MIA,SF,5212411.8,5191339.81,4519425.26,5897916.62,1048325.52,-1.4678,rotation,51,20.7,8.5,4.0,1.9,0.7,0.4,1.2,0.436,0.725,0.332,1.9,18.1,32.9,4.4,53,7.0,3.0,3.1,1.0,1.4,0.4
275,Yves Missi,1642274,NOP,C,5125678.83,5095352.02,4375443.57,5833924.76,1047343.94,-1.5001,rotation,64,22.2,7.9,6.6,1.3,0.5,1.2,1.1,0.542,0.633,0.321,2.1,21.8,39.1,5.8,67,5.9,3.2,0.3,0.1,1.4,0.4
276,Dominick Barlow,1631230,PHI,SF,5120540.81,5095352.02,4423437.47,5769932.9,1033330.79,-1.5087,rotation,56,19.3,7.1,4.1,1.1,0.6,0.6,0.7,0.494,0.709,0.314,1.6,16.5,30.0,4.0,59,5.5,2.7,1.4,0.4,1.2,0.4
277,Sharife Cooper,1630536,WAS,PG,5101151.28,5047358.12,4423437.47,5769932.9,1035793.32,-1.5197,rotation,46,20.0,8.6,2.5,2.7,0.7,0.2,1.3,0.461,0.804,0.363,1.6,16.9,31.4,4.2,60,6.8,3.2,2.7,1.0,1.3,0.4
278,Javonte Green,1629750,DET,PG,5046403.58,4999364.22,4327449.67,5641949.17,1055226.14,-1.5398,rotation,61,19.2,6.8,2.7,1.5,1.0,0.3,0.8,0.431,0.802,0.361,1.4,15.3,28.0,4.0,63,5.5,2.4,2.7,1.0,1.1,0.4
279,Simone Fontecchio,1631323,MIA,SF,5008885.68,4951370.33,4279455.78,5705941.03,1074227.94,-1.5563,rotation,66,19.7,8.2,3.6,1.3,0.6,0.3,0.9,0.438,0.793,0.37,1.5,16.2,29.1,4.8,61,6.6,2.9,3.5,1.3,1.2,0.4
280,Will Richard,1642954,GSW,PG,4993095.69,4951370.33,4327449.67,5577957.31,1032260.42,-1.5604,minimum,65,20.8,7.8,2.6,2.0,1.0,0.2,1.0,0.448,0.805,0.346,1.3,16.3,29.9,3.8,57,6.3,2.8,3.1,1.1,1.0,0.4
281,Quenton Jackson,1631245,IND,PG,4951695.62,4903376.43,4279455.78,5577957.31,1008572.32,-1.5816,minimum,44,19.1,8.4,2.3,2.5,0.7,0.2,1.1,0.45,0.81,0.363,1.8,16.6,29.5,4.6,51,6.6,3.0,2.6,0.9,1.5,0.4
282,Gary Trent Jr.,1629018,MIL,PG,4901792.63,4879379.48,4183467.98,5513965.45,1012128.85,-1.5999,minimum,64,23.1,9.6,2.0,1.8,0.8,0.1,0.8,0.418,0.802,0.379,1.3,16.6,29.5,4.6,62,8.2,3.4,4.6,1.8,1.0,0.4
283,Ausar Thompson,1641709,DET,SG,4896206.68,4855382.53,4183467.98,5449973.59,1004107.58,-1.6065,minimum,65,23.5,9.3,4.4,2.5,1.3,0.6,1.4,0.486,0.657,0.316,2.1,22.9,42.1,5.4,71,7.6,3.7,1.6,0.5,1.4,0.4
284,Ryan Nembhard,1642948,DAL,PG,4864050.77,4807388.64,4183467.98,5449973.59,1025759.45,-1.6156,minimum,60,20.7,7.9,2.5,3.7,0.6,0.2,1.3,0.428,0.791,0.356,1.2,17.5,32.1,4.1,56,7.0,3.0,2.7,1.0,0.9,0.4
285,Kobe Sanders,1642920,LAC,PG,4833779.95,4759394.74,4135474.09,5513965.45,1043896.52,-1.6352,minimum,65,20.8,8.2,2.5,2.1,0.8,0.2,1.2,0.448,0.8,0.379,1.4,16.0,29.3,3.8,65,6.6,3.0,3.0,1.1,1.1,0.4
286,Ochai Agbaji,1630534,BKN,PG,4817701.99,4759394.74,4135474.09,5385981.72,1026182.96,-1.6396,minimum,60,20.9,7.6,2.7,1.7,0.7,0.3,0.9,0.445,0.783,0.344,1.1,15.5,28.2,3.9,66,6.5,2.9,2.9,1.0,0.9,0.4
287,Tyrese Martin,1631213,PHI,SF,4751201.12,4711400.84,4087480.19,5335321.5,980049.5,-1.6662,minimum,51,20.4,8.1,3.6,1.7,0.6,0.3,1.0,0.435,0.747,0.346,1.3,16.5,29.7,4.4,62,6.9,3.0,3.3,1.1,1.0,0.4
288,Mouhamed Gueye,1631243,ATL,SF,4747164.3,4711400.84,4039486.29,5335321.5,1028254.66,-1.6723,minimum,53,18.2,6.5,4.0,1.1,0.7,0.6,0.7,0.453,0.711,0.313,1.3,16.3,30.0,3.7,59,5.4,2.5,2.1,0.6,0.9,0.4
289,Ethan Thompson,1630679,IND,PG,4731272.98,4663406.95,4087480.19,5335321.5,1017842.13,-1.6785,minimum,41,21.5,8.4,2.5,2.4,0.7,0.3,1.1,0.42,0.796,0.348,1.6,16.9,30.4,4.5,50,7.1,3.0,3.4,1.2,1.3,0.4
290,Jared McCain,1642272,OKC,PG,4709147.8,4663406.95,4039486.29,5287327.6,1020438.29,-1.6913,minimum,54,21.0,9.9,2.4,2.2,0.7,0.1,1.2,0.438,0.823,0.373,1.6,17.3,32.7,3.4,65,8.1,3.6,3.8,1.4,1.3,0.4
291,Kevin Huerter,1628989,DET,SG,4709035.81,4687403.89,4039486.29,5321989.86,1009314.08,-1.6889,minimum,65,22.9,9.5,3.0,2.5,0.9,0.3,1.1,0.438,0.784,0.338,1.2,19.4,34.5,5.3,64,8.2,3.6,4.3,1.5,0.9,0.4
292,Cameron Payne,1626166,PHI,PG,4631749.64,4591416.11,3991492.4,5243999.78,1017800.81,-1.7229,minimum,45,18.4,7.5,2.0,2.6,0.8,0.2,0.8,0.407,0.836,0.354,1.1,16.1,29.4,4.3,44,6.6,2.7,3.5,1.2,0.9,0.4
293,Noah Clowney,1641730,BKN,PF,4556367.23,4519425.26,3556881.0,5191339.81,995366.9,-1.7564,minimum,56,22.4,9.2,4.1,1.2,0.6,0.6,1.1,0.425,0.769,0.335,2.2,18.6,34.0,4.4,62,7.4,3.2,3.7,1.2,1.7,0.4
294,LJ Cryer,1643018,GSW,PG,4488029.25,4423437.47,3556881.0,5095352.02,955368.71,-1.7891,minimum,31,20.4,8.7,2.5,2.2,0.7,0.2,1.2,0.43,0.808,0.368,1.5,16.5,30.7,4.1,70,7.2,3.1,3.7,1.4,1.2,0.4
295,Nolan Traore,1642849,BKN,PG,4454812.14,4423437.47,3524885.07,5047358.12,957393.11,-1.8103,minimum,58,21.9,8.7,2.3,3.1,0.8,0.3,1.8,0.404,0.782,0.334,1.6,17.7,33.0,3.4,65,7.8,3.2,3.2,1.1,1.3,0.4
296,Pelle Larsson,1641796,MIA,PG,4266564.08,4231461.88,3460893.21,4807388.64,903279.46,-1.896,minimum,63,21.7,8.7,2.7,2.5,0.7,0.2,1.1,0.457,0.782,0.347,2.1,17.5,31.9,4.4,58,6.8,3.1,2.7,0.9,1.6,0.4
297,Cam Whitmore,1641715,WAS,SF,4261282.09,4231461.88,3428897.28,4855382.53,966507.55,-1.8992,minimum,40,18.9,9.1,3.6,1.0,0.7,0.4,1.0,0.457,0.722,0.333,1.7,17.3,31.8,4.1,65,7.6,3.5,2.8,0.9,1.2,0.4
298,Sandro Mamukelashvili,1630572,TOR,PF,4252059.26,4231461.88,3428897.28,4855382.53,946382.01,-1.9065,minimum,66,18.6,8.4,4.2,1.4,0.6,0.4,0.8,0.495,0.735,0.368,1.6,17.8,31.7,5.3,60,6.3,3.1,2.6,0.9,1.2,0.4
299,Jarred Vanderbilt,1629020,LAL,SF,4199508.61,4135474.09,3396901.34,4807388.64,925790.44,-1.9303,minimum,54,19.5,6.4,4.6,1.3,0.8,0.3,0.9,0.479,0.689,0.336,1.4,16.5,29.6,4.4,62,5.1,2.4,1.7,0.6,1.0,0.4
300,Jonas Valančiūnas,202685,DEN,C,4193296.07,4135474.09,3396901.34,4807388.64,967029.26,-1.9381,minimum,66,15.1,7.6,5.4,1.3,0.3,0.6,1.0,0.557,0.772,0.297,1.7,17.6,36.7,2.2,73,5.6,3.1,0.5,0.1,1.3,0.3
301,Ben Saraf,1642879,BKN,PG,4163601.18,4135474.09,3364905.41,4711400.84,928584.0,-1.9532,minimum,50,21.3,8.3,2.5,2.8,0.8,0.2,1.7,0.417,0.798,0.306,1.8,17.1,31.7,3.8,63,7.2,3.0,2.7,0.8,1.5,0.4
302,Jordan Miller,1641757,LAC,PG,4087333.54,4087480.19,3332909.48,4711400.84,881523.05,-1.9836,minimum,49,19.9,8.3,2.5,2.2,0.7,0.2,1.1,0.465,0.788,0.342,1.9,16.2,29.2,4.3,56,6.4,3.0,2.3,0.8,1.5,0.4
303,Bones Hyland,1630538,MIN,PG,4073620.62,4039486.29,3332909.48,4615413.05,873698.7,-1.9916,minimum,53,17.7,8.1,2.0,2.4,0.7,0.2,1.1,0.429,0.804,0.372,1.3,15.8,28.9,4.0,55,6.7,2.9,3.5,1.3,1.1,0.4
304,Paul Reed,1630194,DET,SF,4072002.16,4087480.19,3332909.48,4663406.95,902921.25,-1.9909,minimum,53,13.0,5.6,3.6,1.0,0.7,0.6,0.7,0.533,0.693,0.324,1.2,14.4,31.2,0.6,53,4.2,2.3,0.8,0.3,0.8,0.4
305,Ryan Dunn,1642346,PHX,SF,4071623.54,4039486.29,3364905.41,4615413.05,861862.1,-1.9862,minimum,66,20.2,7.1,4.1,1.2,0.7,0.5,0.8,0.453,0.645,0.329,1.1,16.7,30.7,3.8,62,6.1,2.8,2.5,0.8,0.7,0.4
306,Gui Santos,1630611,GSW,SF,3821271.38,3492889.14,3204925.76,4375443.57,831984.67,-2.1284,minimum,58,18.3,7.2,3.7,1.5,0.6,0.4,1.0,0.478,0.728,0.347,1.5,15.9,29.3,3.6,45,5.6,2.7,2.3,0.8,1.1,0.4
307,De'Andre Hunter,1629631,SAC,SG,3791824.46,3460893.21,3204925.76,4327449.67,809429.07,-2.1466,minimum,52,24.9,12.4,4.2,1.6,0.7,0.3,1.3,0.45,0.827,0.356,2.8,21.4,38.5,5.7,69,9.5,4.3,4.3,1.5,2.3,0.4
308,Gary Payton II,1627780,GSW,PG,3586855.85,3364905.41,3108937.97,4087480.19,751344.69,-2.267,minimum,62,17.7,7.1,2.9,1.9,0.8,0.3,0.9,0.507,0.742,0.339,0.8,15.8,28.5,4.4,54,5.7,2.9,2.0,0.7,0.6,0.4
309,Kasparas Jakučionis,1642857,MIA,PG,3562472.29,3332909.48,3108937.97,4087480.19,732734.4,-2.2806,minimum,56,20.1,7.6,2.7,2.6,0.7,0.2,1.2,0.425,0.813,0.377,1.4,16.2,30.3,3.2,61,6.2,2.6,3.0,1.1,1.2,0.4
310,Leonard Miller,1631159,CHI,SF,3511017.5,3332909.48,3068943.05,4039486.29,710967.88,-2.3043,minimum,42,15.6,6.7,3.5,0.9,0.5,0.4,0.8,0.491,0.741,0.327,1.3,14.1,25.6,3.4,34,5.2,2.6,1.8,0.6,1.0,0.4
311,Nae'Qwan Tomlin,1641772,CLE,SF,3494259.63,3300913.55,3044946.1,3991492.4,707476.51,-2.3223,minimum,48,18.7,7.2,3.7,1.1,0.7,0.5,0.7,0.473,0.735,0.303,1.4,16.0,29.2,4.2,61,5.9,2.8,2.0,0.6,1.0,0.4
312,Chaney Johnson,1643052,BKN,SG,3343172.18,3236921.69,2980954.24,3524885.07,706864.52,-2.4151,minimum,32,21.3,8.8,3.2,2.5,0.8,0.3,1.3,0.456,0.794,0.349,1.8,18.5,34.0,4.4,65,7.0,3.2,2.9,1.0,1.4,0.4
313,Josh Minott,1631169,BKN,SF,3340841.81,3204925.76,2980954.24,3524885.07,696995.0,-2.4265,minimum,50,15.7,6.4,3.1,0.9,0.6,0.4,0.7,0.477,0.75,0.375,1.2,13.8,25.4,3.2,45,4.9,2.3,2.0,0.8,0.9,0.4
314,Josh Green,1630182,CHA,PG,3333917.35,3204925.76,2948958.31,3524885.07,724099.11,-2.4273,minimum,58,21.6,7.2,2.4,1.8,0.8,0.2,1.0,0.441,0.778,0.386,1.1,14.8,27.0,3.7,66,5.8,2.6,3.0,1.2,0.9,0.4
315,Jahmai Mashack,1642942,MEM,PG,3224995.21,3140933.9,2916962.38,3428897.28,677318.27,-2.5032,minimum,40,21.8,8.2,2.7,2.5,0.9,0.3,1.4,0.426,0.732,0.329,1.5,17.5,32.2,4.1,56,7.1,3.0,3.0,1.0,1.1,0.4
316,Andre Drummond,203083,PHI,C,3143845.53,3076942.03,2884966.45,3364905.41,638690.56,-2.557,minimum,59,19.6,7.0,7.4,1.1,0.7,0.7,1.1,0.503,0.631,0.33,1.8,20.6,36.8,6.3,62,5.5,2.8,0.8,0.3,1.1,0.3
317,Tidjane Salaün,1642275,CHA,SF,2991144.95,3012950.17,2756982.72,3236921.69,670469.24,-2.6757,minimum,45,19.2,7.0,4.2,1.1,0.5,0.4,0.9,0.442,0.702,0.351,1.5,15.5,28.9,3.9,63,5.7,2.5,2.5,0.9,1.0,0.4
318,Nique Clifford,1642363,SAC,PG,2939604.83,2980954.24,2756982.72,3204925.76,659672.08,-2.6994,minimum,68,23.2,8.7,3.2,2.5,0.9,0.3,1.4,0.426,0.76,0.345,1.5,18.2,33.8,4.5,56,7.6,3.2,3.1,1.1,1.1,0.4
319,Justin Champagnie,1630551,WAS,SG,2908792.75,2948958.31,2724986.79,3204925.76,634248.42,-2.7364,minimum,56,20.7,8.4,4.1,1.8,0.8,0.5,1.0,0.463,0.771,0.344,1.5,18.9,35.2,4.7,62,6.8,3.1,2.8,1.0,1.1,0.4
320,Matisse Thybulle,1629680,POR,SG,2773090.01,2916962.38,2660994.93,3140933.9,653085.89,-2.8153,minimum,38,20.2,7.4,2.5,1.8,1.5,0.4,1.0,0.437,0.767,0.383,1.2,17.8,31.5,5.3,69,6.0,2.6,3.2,1.2,0.9,0.4
321,Jeremiah Robinson-Earl,1630526,DAL,SF,2770495.67,2916962.38,2660994.93,3140933.9,660850.47,-2.8182,minimum,39,18.3,6.4,4.3,1.1,0.5,0.3,0.8,0.446,0.772,0.32,1.2,14.8,27.0,3.9,56,5.4,2.4,2.0,0.6,0.9,0.4
322,Tim Hardaway Jr.,203501,DEN,SG,2691607.04,2820974.59,2628999.0,3076942.03,659361.99,-2.8845,minimum,72,24.7,10.8,2.5,1.9,0.6,0.1,0.8,0.424,0.821,0.379,1.9,18.1,33.0,4.6,71,8.6,3.7,5.2,2.0,1.5,0.4
323,Goga Bitadze,1629048,ORL,PF,2691396.4,2852970.52,1778440.5,3108937.97,672573.33,-2.8851,minimum,63,18.8,6.9,5.7,1.4,0.6,1.1,0.9,0.58,0.67,0.248,1.8,19.8,35.2,5.8,68,4.8,2.8,0.4,0.1,1.2,0.4
324,Olivier-Maxence Prosper,1641765,MEM,SF,2679875.2,2820974.59,1778440.5,3076942.03,654149.7,-2.89,minimum,53,17.5,7.4,3.5,1.0,0.6,0.3,0.8,0.482,0.716,0.356,1.7,15.3,28.1,3.5,52,5.7,2.7,2.0,0.7,1.2,0.4
325,Nikola Topić,1642260,OKC,PG,2671478.93,2820974.59,1778440.5,3076942.03,674284.07,-2.8913,minimum,28,20.8,8.4,2.7,2.9,0.8,0.2,1.5,0.432,0.765,0.352,1.5,17.4,32.3,3.8,49,7.1,3.1,3.0,1.1,1.2,0.4
326,Jalen Wilson,1630592,BKN,SF,2566545.61,2756982.72,1746444.57,3012950.17,660822.38,-2.9759,minimum,56,19.9,7.5,3.4,1.2,0.5,0.3,0.8,0.432,0.746,0.346,1.8,14.9,27.2,3.9,63,6.2,2.7,2.6,0.9,1.3,0.4
327,Ben Sheppard,1641767,IND,PG,2499602.12,2724986.79,1730446.6,2980954.24,717037.02,-3.0115,minimum,61,20.4,7.1,2.7,1.9,0.7,0.2,0.8,0.428,0.79,0.351,1.0,14.9,27.6,3.7,65,6.0,2.6,3.1,1.1,0.8,0.4
328,Kris Murray,1631200,POR,SF,2424561.0,2692990.86,1714448.64,2924961.36,661638.02,-3.0761,minimum,58,20.9,6.6,3.7,1.3,0.7,0.4,0.9,0.454,0.675,0.296,1.3,15.5,28.2,4.0,62,5.6,2.5,2.1,0.6,0.9,0.4
329,Killian Hayes,1630165,SAC,PG,2421204.09,2692990.86,1714448.64,2924961.36,668021.72,-3.0794,minimum,32,21.0,7.5,2.6,3.2,0.8,0.3,1.2,0.399,0.8,0.325,1.5,17.6,32.8,4.4,64,6.8,2.7,2.7,0.9,1.2,0.4
330,Ousmane Dieng,1631172,MIL,SF,2355433.79,2660994.93,1698450.67,2884966.45,667694.38,-3.1192,minimum,53,17.9,7.0,3.4,1.5,0.5,0.4,1.0,0.446,0.724,0.334,1.2,15.0,27.2,3.7,41,6.0,2.7,2.4,0.8,0.9,0.4
331,Landry Shamet,1629013,NYK,PG,2317934.56,2628999.0,1698450.67,2852970.52,652001.01,-3.1519,minimum,53,20.3,8.2,2.0,1.7,0.7,0.2,0.8,0.437,0.772,0.377,1.3,14.7,26.1,4.3,63,6.6,2.9,3.8,1.4,1.0,0.4
332,Pete Nance,1631250,MIL,SF,2200293.52,1762442.53,1650456.78,2820974.59,641593.58,-3.2287,minimum,41,17.9,6.7,3.4,1.2,0.5,0.4,0.8,0.479,0.698,0.376,1.1,14.3,25.5,4.3,50,5.3,2.5,2.3,0.9,0.7,0.4
333,Mitchell Robinson,1629011,NYK,PF,2151721.03,1746444.57,1646457.29,2788978.66,629263.13,-3.2667,minimum,51,20.9,6.6,7.2,1.0,0.8,1.1,0.9,0.601,0.569,0.363,1.8,21.4,38.1,6.3,70,4.6,2.7,0.3,0.1,1.0,0.3
334,Craig Porter Jr.,1641854,CLE,PG,2047936.89,1730446.6,1618460.84,2692990.86,596726.99,-3.3439,minimum,59,17.9,6.4,2.6,2.5,0.7,0.4,1.0,0.451,0.752,0.365,1.1,15.4,27.7,4.1,46,5.3,2.4,2.0,0.7,0.9,0.4
335,Steven Adams,203500,HOU,C,2014426.49,1698450.67,1586464.91,2692990.86,599703.7,-3.3886,minimum,43,20.0,6.0,6.9,1.4,0.6,0.7,1.1,0.509,0.588,0.349,1.9,19.0,33.9,5.8,74,4.6,2.3,0.5,0.2,1.1,0.3
336,Julian Strawther,1631124,DEN,PG,1989459.0,1698450.67,1586464.91,2660994.93,583067.54,-3.4032,minimum,57,18.5,7.8,2.2,1.7,0.6,0.2,0.9,0.436,0.793,0.356,1.4,14.5,27.0,3.6,51,6.5,2.8,3.0,1.1,1.1,0.4
337,Bruce Brown,1628971,DEN,SG,1941086.48,1698450.67,1570466.95,2628999.0,558464.13,-3.4424,minimum,65,23.5,8.6,3.4,2.3,0.9,0.2,1.1,0.448,0.8,0.36,1.7,18.5,32.7,5.4,68,7.2,3.2,2.4,0.9,1.3,0.4
338,Spencer Jones,1642461,DEN,SF,1889023.77,1666454.74,1554468.98,1778440.5,533309.23,-3.4956,minimum,52,18.8,6.2,3.4,1.0,0.6,0.4,0.7,0.467,0.708,0.338,1.2,14.3,26.2,3.6,55,5.1,2.4,2.0,0.7,0.9,0.4
339,Josh Okogie,1629006,HOU,PG,1873249.78,1666454.74,1554468.98,1778440.5,525357.65,-3.5065,minimum,63,18.8,6.7,2.6,1.6,0.9,0.3,0.8,0.431,0.744,0.362,1.5,14.8,26.3,4.1,60,5.5,2.4,2.4,0.9,1.1,0.4
340,Kam Jones,1642880,IND,PG,1868197.09,1650456.78,1554468.98,1778440.5,530939.35,-3.5166,minimum,44,19.9,7.3,2.3,2.8,0.7,0.2,1.2,0.428,0.771,0.34,1.2,15.7,29.2,3.9,57,6.4,2.7,2.8,0.9,0.9,0.4
341,Dean Wade,1629731,CLE,PF,1854169.54,1650456.78,1538471.02,1762442.53,524138.8,-3.535,minimum,59,21.8,6.9,4.3,1.3,0.7,0.4,0.6,0.448,0.728,0.367,1.1,16.6,30.0,4.3,65,5.5,2.5,3.1,1.1,0.8,0.4
342,Terance Mann,1629611,BKN,SG,1778517.82,1634458.81,1522473.05,1730446.6,460594.4,-3.5935,minimum,62,22.9,8.1,2.9,2.4,0.7,0.2,1.0,0.46,0.79,0.363,1.4,16.9,30.0,5.0,69,6.5,3.0,2.7,1.0,1.1,0.4
343,Daeqwon Plowden,1631342,SAC,SG,1630968.59,1554468.98,1442483.22,1666454.74,365146.17,-3.798,minimum,37,23.6,9.7,2.8,2.1,0.8,0.2,1.0,0.434,0.829,0.348,1.6,18.2,32.3,5.0,66,7.9,3.4,4.3,1.5,1.3,0.4
344,Jaxson Hayes,1629637,LAL,PF,1616031.82,1538471.02,1442483.22,1650456.78,352810.81,-3.8298,minimum,63,19.4,7.3,5.0,1.0,0.5,0.9,0.8,0.628,0.645,0.344,2.0,18.1,32.4,5.1,65,4.7,3.0,0.3,0.1,1.3,0.4
345,Jeremy Sochan,1631110,NYK,SF,1577647.37,1522473.05,1410487.29,1634458.81,310368.24,-3.8856,minimum,45,15.8,6.1,3.6,1.3,0.5,0.3,0.9,0.484,0.709,0.296,1.2,14.0,32.1,0.0,72,5.0,2.4,1.3,0.4,0.9,0.4
346,Anthony Gill,1630264,WAS,SF,1556708.7,1490477.12,1378491.36,1618460.84,300705.75,-3.9364,minimum,54,16.8,5.9,3.0,1.2,0.5,0.3,0.7,0.499,0.745,0.352,1.1,13.0,23.3,3.8,46,4.5,2.3,1.4,0.5,0.9,0.4
347,Guerschon Yabusele,1627824,CHI,SF,1551741.33,1490477.12,1394489.33,1618460.84,295661.78,-3.9443,minimum,57,16.5,6.0,3.6,1.1,0.5,0.3,0.7,0.45,0.713,0.356,1.2,13.5,29.5,0.3,66,4.8,2.2,2.3,0.8,0.9,0.3
348,Baylor Scheierman,1631248,BOS,PG,1532351.8,1490477.12,1374491.87,1586464.91,272621.69,-3.9823,minimum,60,18.8,6.7,2.8,1.9,0.7,0.2,0.8,0.428,0.807,0.367,1.0,14.6,26.6,3.7,51,5.6,2.4,3.0,1.1,0.8,0.4
349,Kyle Anderson,203937,MIN,SG,1530210.73,1474479.16,1362493.4,1590464.4,282286.29,-3.9958,minimum,50,20.4,6.9,3.8,2.5,0.8,0.5,0.9,0.476,0.733,0.357,1.5,18.1,32.8,5.1,65,5.6,2.7,1.2,0.4,1.1,0.4
350,Tyus Jones,1626145,DEN,PG,1510445.25,1458481.19,1346495.43,1570466.95,264241.13,-4.038,minimum,55,17.7,5.7,1.6,3.1,0.6,0.1,0.7,0.423,0.809,0.367,0.5,13.9,30.7,0.0,78,5.2,2.2,2.6,1.0,0.4,0.4
351,Kobe Brown,1641738,IND,SF,1492087.58,1458481.19,1346495.43,1570466.95,225698.06,-4.0656,minimum,55,16.3,6.0,3.3,1.1,0.5,0.3,0.8,0.468,0.741,0.349,1.1,13.2,23.4,3.9,47,4.8,2.3,1.8,0.6,0.8,0.4
352,Isaac Okoro,1630171,CHI,SG,1480254.42,1442483.22,1314499.5,1538471.02,237278.83,-4.1145,minimum,60,23.3,8.3,3.4,1.4,0.7,0.5,0.8,0.468,0.736,0.352,1.6,17.1,31.2,4.5,69,6.6,3.1,2.7,0.9,1.2,0.4
353,Clint Capela,203991,HOU,C,1453343.18,1410487.29,1314499.5,1522473.05,206939.1,-4.1885,minimum,69,15.6,5.8,5.7,0.8,0.5,0.8,0.7,0.54,0.606,0.305,1.4,16.9,36.1,2.0,73,4.5,2.5,0.1,0.0,0.9,0.3
354,Jaylon Tyson,1642281,CLE,SG,1446776.01,1410487.29,1314499.5,1506475.09,194026.84,-4.205,minimum,61,20.8,9.1,3.3,2.1,0.7,0.3,1.2,0.46,0.768,0.396,1.4,17.9,32.8,4.2,60,7.4,3.4,3.1,1.2,1.1,0.4
355,Cody Williams,1642262,UTA,SF,1444573.63,1394489.33,1314499.5,1510474.58,175617.2,-4.1974,minimum,63,22.1,7.7,3.4,1.5,0.7,0.5,1.0,0.442,0.715,0.285,1.6,16.3,29.9,3.9,47,6.7,2.9,2.2,0.6,1.1,0.4
356,Pat Spencer,1630311,GSW,PG,1433708.34,1378491.36,1314499.5,1490477.12,202555.91,-4.2607,minimum,51,17.3,6.9,2.2,2.6,0.7,0.1,1.1,0.429,0.796,0.355,1.1,14.8,26.1,4.4,48,6.0,2.6,2.4,0.9,0.9,0.4
357,Luka Garza,1630568,BOS,C,1433460.37,1378491.36,1314499.5,1506475.09,183099.19,-4.2517,minimum,56,15.5,6.8,4.2,0.8,0.4,0.6,0.7,0.544,0.705,0.37,1.6,15.2,27.5,4.4,57,4.8,2.6,1.1,0.4,1.2,0.4
358,Elijah Harkless,1641989,UTA,PG,1424941.46,1378491.36,1314499.5,1490477.12,164933.73,-4.2571,minimum,35,20.7,7.8,2.5,2.4,0.9,0.2,1.1,0.408,0.775,0.324,1.7,16.8,30.2,4.5,49,6.7,2.7,3.2,1.0,1.3,0.4
359,Tristan Vukcevic,1641774,WAS,SF,1412759.0,1362493.4,1314499.5,1474479.16,151562.75,-4.3168,minimum,38,12.8,6.5,2.8,0.9,0.4,0.5,0.9,0.468,0.754,0.334,1.6,13.1,29.7,0.0,62,5.0,2.3,2.0,0.7,1.2,0.4
360,Nate Williams,1631466,GSW,PG,1412543.03,1362493.4,1314499.5,1474479.16,163781.51,-4.326,minimum,31,17.3,7.4,2.1,1.7,0.6,0.1,1.0,0.451,0.801,0.368,1.2,13.8,24.5,3.8,46,6.1,2.8,2.5,0.9,1.0,0.4
