player_name,team,strict_wins,vorp,strict_wins_rank,vorp_rank,rank_delta,z_delta,percentile_delta,ws_48,win_shares
Shai Gilgeous-Alexander,OKC,11.811,7.8,1.0,1.0,0.0,-2.912107744380553,0.0,0.323,15.2
Yuki Kawamura,CHI,11.095,-0.1,2.0,327.0,-325.0,3.5782040792796694,-0.739451476793249,0.069,0.3
Obi Toppin,IND,11.065,0.5,3.0,169.0,-166.0,3.0305832294074735,-0.3628691983122363,0.124,1.1
Tre Jones,CHI,10.965,1.5,4.0,73.0,-69.0,2.085477251013056,-0.1550632911392405,0.157,5.7
Isaiah Hartenstein,OKC,10.657,1.8,5.0,56.0,-51.0,1.6217760931041083,-0.1139240506329114,0.223,5.3
T.J. McConnell,IND,10.606,1.1,6.0,103.0,-97.0,2.204931238083563,-0.2130801687763713,0.132,2.6
Javonte Green,DET,10.501,1.5,7.0,73.0,-66.0,1.784762916202808,-0.1487341772151899,0.156,4.7
Isaiah Stewart,DET,10.468,0.7,8.0,141.0,-133.0,2.467613388932226,-0.29535864978902954,0.149,4.1
MarJon Beauchamp,PHI,10.419,0.0,9.0,282.0,-273.0,3.0520647163893107,-0.6223628691983123,0.06,0.2
Ayo Dosunmu,MIN,10.4,0.6,10.0,156.0,-146.0,2.511572870144083,-0.32067510548523204,0.132,1.9
Dylan Harper,SAS,10.276,1.3,11.0,90.0,-79.0,1.8150017583719702,-0.17405063291139242,0.13,4.2
Ajay Mitchell,OKC,9.952,1.4,12.0,83.0,-71.0,1.516990511544559,-0.15611814345991562,0.156,4.8
Evan Mobley,CLE,9.829,2.6,13.0,26.0,-13.0,0.38091906375481277,-0.030590717299578057,0.15,6.5
Paul Reed,DET,9.803,1.6,14.0,68.0,-54.0,1.2443655460585166,-0.11814345991561181,0.239,4.5
Chris Youngblood,POR,9.771,0.0,15.0,282.0,-267.0,2.632101593637068,-0.609704641350211,0.243,0.1
Giannis Antetokounmpo,MIL,9.671,3.0,16.0,23.0,-7.0,-0.07359809378314708,-0.014767932489451477,0.231,5.0
Dean Wade,CLE,9.487,0.7,17.0,141.0,-124.0,1.8318358836545248,-0.27637130801687765,0.114,3.1
Ty Jerome,MEM,9.462,0.8,18.0,134.0,-116.0,1.7276039172328548,-0.25105485232067515,0.191,1.3
Keshad Johnson,MIA,9.397,0.1,19.0,246.0,-227.0,2.301685784868897,-0.5158227848101267,0.11,0.6
Jalen Smith,CHI,9.37,0.4,20.0,182.0,-162.0,2.0200982650670167,-0.35443037974683544,0.114,2.6
LaMelo Ball,CHA,9.207,3.4,21.0,15.0,6.0,-0.726431170398554,0.011603375527426157,0.147,6.2
Donovan Mitchell,CLE,9.174,4.2,22.0,7.0,15.0,-1.4520556648897744,0.03059071729957806,0.169,8.2
Jaylen Brown,BOS,9.147,3.3,23.0,17.0,6.0,-0.677286959276175,0.011603375527426157,0.135,6.9
Devin Booker,PHX,9.142,2.3,24.0,38.0,-14.0,0.19976943904264632,-0.03375527426160337,0.145,6.5
Neemias Queta,BOS,9.118,2.4,25.0,34.0,-9.0,0.0961855638597926,-0.022151898734177215,0.224,9.0
Immanuel Quickley,TOR,8.944,2.5,26.0,30.0,-4.0,-0.10461199714534009,-0.01160337552742615,0.14,6.5
LeBron James,LAL,8.913,2.8,27.0,24.0,3.0,-0.3887918819024805,0.0052742616033755255,0.131,5.4
Isaiah Joe,OKC,8.896,1.7,28.0,63.0,-35.0,0.5685171070018497,-0.0780590717299578,0.176,5.5
Duncan Robinson,DET,8.884,1.5,29.0,73.0,-44.0,0.7367993830386468,-0.10232067510548523,0.139,6.1
Jalen Green,PHX,8.88,0.2,30.0,219.0,-189.0,1.8785929289501542,-0.42616033755274263,0.019,0.3
Stephon Castle,SAS,8.86,2.0,31.0,50.0,-19.0,0.2810967660506325,-0.043248945147679324,0.136,5.8
Javon Small,MEM,8.783,0.6,32.0,156.0,-124.0,1.4636093369799208,-0.2742616033755274,0.112,1.9
Tobias Harris,DET,8.776,1.5,33.0,73.0,-40.0,0.666805529246606,-0.0938818565400844,0.145,5.3
Chaney Johnson,BKN,8.763,0.2,34.0,219.0,-185.0,1.8027662540087765,-0.4177215189873418,0.128,0.9
D'Angelo Russell,DAL,8.696,0.0,35.0,282.0,-247.0,1.9354035119107384,-0.5675105485232068,-0.004,0.0
Coby White,CHA,8.686,0.5,36.0,169.0,-133.0,1.4887741722661372,-0.2932489451476793,0.154,1.3
Zion Williamson,NOP,8.671,2.3,37.0,38.0,-1.0,-0.10548153443930808,-0.006329113924050625,0.159,6.1
Ausar Thompson,DET,8.626,2.4,38.0,34.0,4.0,-0.22267532563728132,0.005274261603375532,0.144,5.7
Sandro Mamukelashvili,TOR,8.586,2.1,39.0,43.0,-4.0,0.015490081163980873,-0.014767932489451477,0.169,6.2
Matisse Thybulle,POR,8.568,0.8,40.0,134.0,-94.0,1.148210349732075,-0.2046413502109705,0.126,1.3
Jalen Pickett,DEN,8.522,-0.1,41.0,327.0,-286.0,1.9106653218081855,-0.6571729957805907,0.059,1.0
Franz Wagner,ORL,8.504,1.2,42.0,98.0,-56.0,0.7546137686427437,-0.12236286919831224,0.134,2.8
Collin Sexton,CHI,8.502,0.3,43.0,195.0,-152.0,1.5455847552267226,-0.3449367088607595,0.084,1.2
Tyrese Proctor,CLE,8.49,-0.1,44.0,327.0,-283.0,1.8899264021660995,-0.6508438818565401,0.066,0.7
Jakob Poeltl,TOR,8.482,1.0,45.0,112.0,-67.0,0.9164151322913892,-0.15084388185654007,0.18,4.3
Cedric Coward,MEM,8.466,0.7,46.0,141.0,-95.0,1.1701347288242157,-0.21518987341772156,0.076,2.5
Nae'Qwan Tomlin,CLE,8.442,0.0,47.0,282.0,-235.0,1.7707883372516804,-0.5421940928270043,0.107,2.2
Kon Knueppel,CHA,8.438,3.1,48.0,20.0,28.0,-0.9607242766935655,0.056962025316455694,0.151,8.0
Joel Embiid,PHI,8.404,2.1,49.0,43.0,6.0,-0.10246252430038383,0.006329113924050639,0.163,4.1
Amir Coffey,PHX,8.362,0.1,50.0,246.0,-196.0,1.6309113526951753,-0.4504219409282701,0.125,0.6
Ryan Kalkbrenner,CHA,8.36,1.4,51.0,83.0,-32.0,0.48522925935077665,-0.07383966244725738,0.185,5.7
Mikal Bridges,NYK,8.342,3.2,52.0,19.0,33.0,-1.1109707210711135,0.06962025316455697,0.143,8.0
Chaz Lanier,DET,8.307,-0.2,53.0,379.0,-326.0,1.8593553909142098,-0.7183544303797469,0.046,0.3
Trayce Jackson-Davis,TOR,8.287,0.0,54.0,282.0,-228.0,1.6703341952353263,-0.5274261603375527,0.148,0.3
Miles McBride,NYK,8.284,0.9,55.0,122.0,-67.0,0.8761227524572723,-0.1529535864978903,0.119,2.7
Joan Beringer,MIN,8.248,0.2,56.0,219.0,-163.0,1.4689992660189533,-0.37130801687763715,0.222,1.5
Desmond Bane,ORL,8.232,2.3,57.0,38.0,19.0,-0.3899935882791763,0.03586497890295359,0.129,7.4
Victor Wembanyama,SAS,8.218,6.0,58.0,2.0,56.0,-3.6561652273203125,0.11814345991561181,0.257,10.0
Amari Williams,BOS,8.207,0.0,59.0,282.0,-223.0,1.6184868961301113,-0.5168776371308017,0.077,0.2
Brandon Ingram,TOR,8.186,1.7,60.0,63.0,-3.0,0.10837232744306446,-0.010548523206751037,0.084,4.6
Corey Kispert,ATL,8.173,-0.1,61.0,327.0,-266.0,1.6844814794616843,-0.6149789029535865,0.082,1.2
Kevin Huerter,DET,8.16,0.3,62.0,195.0,-133.0,1.3239375515519274,-0.3048523206751055,0.114,1.2
Myron Gardner,MIA,8.133,0.3,63.0,195.0,-132.0,1.3064390881039165,-0.3027426160337553,0.163,1.4
Collin Murray-Boyles,TOR,8.116,1.0,64.0,112.0,-48.0,0.6792137388850299,-0.11075949367088608,0.154,4.0
Kevin Durant,HOU,8.087,4.7,65.0,5.0,60.0,-2.596679268738335,0.12658227848101264,0.18,10.7
Jase Richardson,ORL,8.053,-0.1,66.0,327.0,-261.0,1.6067105308038618,-0.6044303797468354,0.082,1.0
Bones Hyland,MIN,8.039,1.1,67.0,103.0,-36.0,0.5412810280449704,-0.08438818565400844,0.126,3.1
Cameron Payne,PHI,8.036,0.2,68.0,219.0,-151.0,1.3316039233901333,-0.3459915611814346,0.106,0.8
Deni Avdija,POR,8.03,3.5,69.0,11.0,58.0,-1.5772642439353228,0.11919831223628692,0.152,7.0
Sam Hauser,BOS,8.017,1.3,70.0,90.0,-20.0,0.3509636498884563,-0.04957805907172996,0.124,5.0
Devin Vassell,SAS,8.007,1.3,71.0,90.0,-19.0,0.34448273750030456,-0.04746835443037975,0.115,4.9
Ron Harper Jr.,BOS,7.978,0.3,72.0,195.0,-123.0,1.2059849460875627,-0.2837552742616034,0.119,0.8
Derrick Jones Jr.,LAC,7.966,0.5,73.0,169.0,-96.0,1.022148480319201,-0.2151898734177215,0.1,2.8
Jericho Sims,MIL,7.961,-0.4,74.0,429.0,-355.0,1.8111751931867337,-0.7637130801687764,0.117,3.2
Ryan Nembhard,DAL,7.947,-0.6,75.0,453.0,-378.0,1.9781612867459004,-0.8016877637130801,0.031,0.8
Tyrese Maxey,PHI,7.931,4.9,76.0,4.0,72.0,-2.8738408728960843,0.1518987341772152,0.156,8.7
Moses Moody,GSW,7.91,0.7,77.0,141.0,-64.0,0.8097960000429707,-0.149789029535865,0.096,3.1
Amen Thompson,HOU,7.899,3.4,78.0,15.0,63.0,-1.5741345107688227,0.13185654008438819,0.167,10.3
Anthony Edwards,MIN,7.898,3.5,79.0,11.0,68.0,-1.6628122874589275,0.140295358649789,0.147,6.5
Cade Cunningham,DET,7.87,4.6,80.0,6.0,74.0,-2.6492853821099405,0.1561181434599156,0.174,7.9
Danny Wolf,BKN,7.845,-0.2,81.0,379.0,-298.0,1.5599372385815915,-0.6582278481012658,0.032,0.8
Anthony Davis,DAL,7.845,0.7,81.0,141.0,-60.0,0.767670069519983,-0.14029535864978904,0.103,1.3
Jarrett Allen,CLE,7.844,1.8,83.0,56.0,27.0,-0.20130456168302024,0.050632911392405056,0.202,6.4
Kris Dunn,LAC,7.83,0.6,84.0,156.0,-72.0,0.8459783863890452,-0.16455696202531644,0.085,4.0
Jamaree Bouyea,PHX,7.822,0.3,85.0,195.0,-110.0,1.1048827128323933,-0.25632911392405067,0.086,1.1
Keldon Johnson,SAS,7.81,1.4,86.0,83.0,3.0,0.1287790780024224,0.0,0.161,6.4
Jonathan Isaac,ORL,7.781,0.1,87.0,246.0,-159.0,1.25437034294355,-0.3723628691983123,0.085,0.9
Julius Randle,MIN,7.773,2.3,88.0,38.0,50.0,-0.6874674668953482,0.10126582278481014,0.135,7.4
Goga Bitadze,ORL,7.76,1.2,89.0,98.0,-9.0,0.27243388696424264,-0.023206751054852315,0.218,4.4
Zach Collins,CHI,7.757,0.1,90.0,246.0,-156.0,1.2388161532119852,-0.36603375527426163,0.137,0.5
Deandre Ayton,LAL,7.742,0.6,91.0,156.0,-65.0,0.7889463573733084,-0.14978902953586498,0.152,6.2
Mitchell Robinson,NYK,7.697,1.6,92.0,68.0,24.0,-0.12051460288627358,0.04641350210970463,0.236,5.8
Quentin Grimes,PHI,7.688,0.2,93.0,219.0,-126.0,1.1060681722824475,-0.29324894514767935,0.078,3.6
Luke Kornet,SAS,7.687,2.0,94.0,50.0,44.0,-0.47911425707958455,0.08966244725738395,0.231,6.9
Grant Williams,CHA,7.684,0.7,95.0,141.0,-46.0,0.6633273800707378,-0.1118143459915612,0.131,1.9
Jayson Tatum,BOS,7.664,0.9,96.0,122.0,-26.0,0.47430618439185385,-0.06645569620253164,0.148,1.6
Micah Peavy,NOP,7.636,-0.7,97.0,458.0,-361.0,1.8646345969256664,-0.7637130801687764,0.02,0.4
Kobe Sanders,LAC,7.623,-0.3,98.0,409.0,-311.0,1.5040906690159095,-0.6761603375527426,0.051,1.4
Marcus Sasser,DET,7.601,0.0,99.0,282.0,-183.0,1.2257436054081057,-0.4324894514767933,0.085,0.8
Brandon Miller,CHA,7.588,1.8,100.0,56.0,44.0,-0.36721591881970894,0.08649789029535865,0.109,4.5
Saddiq Bey,NOP,7.582,1.4,101.0,83.0,18.0,-0.018985724447440733,0.03164556962025317,0.116,5.4
Isaac Okoro,CHI,7.578,-0.8,102.0,461.0,-359.0,1.9150749905256754,-0.760548523206751,0.061,2.2
Clint Capela,HOU,7.556,0.6,103.0,156.0,-53.0,0.6684013869536831,-0.12447257383966243,0.156,3.0
Jaren Jackson Jr.,UTA,7.549,0.1,104.0,246.0,-142.0,1.1040131755384264,-0.3364978902953587,0.082,0.1
Jalen Williams,OKC,7.532,1.0,105.0,112.0,-7.0,0.3007284554169592,-0.023206751054852315,0.156,3.0
Wendell Carter Jr.,ORL,7.532,0.8,105.0,134.0,-29.0,0.47678782631953887,-0.06645569620253167,0.131,6.2
Chet Holmgren,OKC,7.514,3.1,107.0,20.0,87.0,-1.5595605813588012,0.18143459915611815,0.219,9.1
Karl-Anthony Towns,NYK,7.509,3.1,108.0,20.0,88.0,-1.5628010375528771,0.18354430379746833,0.197,9.5
Luka Garza,BOS,7.505,1.2,109.0,98.0,11.0,0.10717062106636932,0.01898734177215189,0.226,5.3
Lonzo Ball,CLE,7.503,0.2,110.0,219.0,-109.0,0.9861712931016375,-0.25738396624472576,0.042,0.6
Stephen Curry,GSW,7.486,2.5,111.0,30.0,81.0,-1.0495290233378873,0.16772151898734178,0.147,4.1
Tyler Kolek,NYK,7.482,0.3,112.0,195.0,-83.0,0.8845316916352288,-0.19936708860759494,0.093,1.4
Kyle Kuzma,MIL,7.464,-0.1,113.0,327.0,-214.0,1.2249847911417149,-0.5052742616033755,0.051,1.9
Malachi Smith,BKN,7.435,0.1,114.0,246.0,-132.0,1.0301307743134942,-0.3154008438818566,0.094,0.7
Draymond Green,GSW,7.403,0.3,115.0,195.0,-80.0,0.8333324837688284,-0.1930379746835443,0.044,1.7
Jaden McDaniels,MIN,7.401,1.0,116.0,112.0,4.0,0.21582850313216922,-0.0010548523206750926,0.109,5.2
Anfernee Simons,CHI,7.388,-0.1,117.0,327.0,-210.0,1.1757298569917602,-0.49683544303797467,-0.015,-0.1
Donte DiVincenzo,MIN,7.386,1.7,118.0,63.0,55.0,-0.41010066360908737,0.1118143459915612,0.1,5.2
Jalen Duren,DET,7.384,3.5,119.0,11.0,108.0,-1.9959311842099348,0.22468354430379744,0.266,11.0
Alex Caruso,OKC,7.349,1.0,120.0,112.0,8.0,0.18212775871377956,0.007383966244725759,0.12,2.5
Nate Williams,GSW,7.348,-0.2,121.0,379.0,-258.0,1.2378358928904423,-0.5748945147679325,0.052,0.3
Jose Alvarado,NYK,7.324,0.4,122.0,182.0,-60.0,0.6941035904511386,-0.1392405063291139,0.119,1.2
Dru Smith,MIA,7.314,1.2,123.0,98.0,25.0,-0.016614805547331857,0.04852320675105484,0.127,3.0
Aaron Gordon,DEN,7.309,0.9,124.0,122.0,2.0,0.2442337946124618,-0.007383966244725704,0.153,3.2
Scotty Pippen Jr.,MEM,7.299,0.0,125.0,282.0,-157.0,1.0300200512859186,-0.3776371308016878,0.025,0.1
Davion Mitchell,MIA,7.288,0.6,126.0,156.0,-30.0,0.4947129349512125,-0.07594936708860761,0.104,4.3
KJ Simpson,DEN,7.28,0.0,127.0,282.0,-155.0,1.01770631774843,-0.3734177215189874,0.048,0.0
Aaron Wiggins,OKC,7.278,0.4,128.0,182.0,-54.0,0.6642913934656398,-0.12658227848101267,0.072,2.1
Lauri Markkanen,UTA,7.275,1.6,129.0,68.0,61.0,-0.39400910566628344,0.12447257383966245,0.118,3.5
Norman Powell,MIA,7.264,1.5,130.0,73.0,57.0,-0.3131084238419608,0.11075949367088606,0.112,4.0
Jock Landale,ATL,7.241,0.2,131.0,219.0,-88.0,0.8163713885320576,-0.21308016877637131,0.141,1.3
Kris Murray,POR,7.236,0.2,132.0,219.0,-87.0,0.8131309323379816,-0.21097046413502113,0.079,2.2
Grayson Allen,PHX,7.231,1.5,133.0,73.0,60.0,-0.3344954347228623,0.11708860759493672,0.127,3.9
Josh Green,CHA,7.219,0.3,134.0,195.0,-61.0,0.714083695826834,-0.15295358649789031,0.099,1.9
Day'Ron Sharpe,BKN,7.209,1.0,135.0,112.0,23.0,0.09139498527965262,0.039029535864978926,0.144,3.5
Jordan Clarkson,NYK,7.208,-0.4,136.0,429.0,-293.0,1.3231624903588957,-0.6329113924050633,0.072,1.9
Pelle Larsson,MIA,7.199,0.4,137.0,182.0,-45.0,0.61309218559924,-0.10759493670886072,0.106,4.1
JD Davison,HOU,7.197,0.0,138.0,282.0,-144.0,0.9639147449267691,-0.3502109704641351,0.102,0.5
Oso Ighodaro,PHX,7.188,0.9,139.0,122.0,17.0,0.16581475471582358,0.025316455696202556,0.125,4.7
Quenton Jackson,IND,7.188,0.0,139.0,282.0,-143.0,0.9580819237774322,-0.34704641350210974,0.076,1.4
Daeqwon Plowden,SAC,7.181,-0.5,141.0,444.0,-303.0,1.3936937123621753,-0.6476793248945147,0.043,0.8
Sion James,CHA,7.174,0.0,142.0,282.0,-140.0,0.9490086464340199,-0.3417721518987342,0.08,3.1
Cason Wallace,OKC,7.161,1.7,143.0,63.0,80.0,-0.5559211923425054,0.16455696202531644,0.122,5.2
Austin Reaves,LAL,7.141,2.1,144.0,43.0,101.0,-0.9210017589239685,0.2067510548523207,0.153,5.6
Jaylon Tyson,CLE,7.128,0.9,145.0,122.0,23.0,0.12692928038691242,0.036919831223628685,0.108,4.0
Terrence Shannon Jr.,MIN,7.126,-0.2,146.0,379.0,-233.0,1.0939596378734704,-0.5221518987341772,0.09,1.0
A.J. Lawson,TOR,7.083,0.1,147.0,246.0,-99.0,0.8020026582505477,-0.24472573839662454,0.121,0.6
Tolu Smith,DET,7.083,0.1,147.0,246.0,-99.0,0.8020026582505477,-0.24472573839662454,0.185,0.5
Nic Claxton,BKN,7.081,1.4,149.0,83.0,66.0,-0.3436794350938504,0.13291139240506328,0.121,4.8
John Collins,LAC,7.074,0.7,150.0,141.0,9.0,0.26799172439347174,0.004219409282700426,0.117,4.6
Precious Achiuwa,SAC,7.056,0.2,151.0,219.0,-68.0,0.6964745093512477,-0.1708860759493671,0.081,2.9
Kyle Anderson,MIN,7.047,0.3,152.0,195.0,-43.0,0.6026120027506209,-0.11497890295358648,0.126,1.0
Cam Christie,LAC,7.035,-0.3,153.0,409.0,-256.0,1.1230130205925781,-0.5601265822784811,0.016,0.2
Jay Huff,IND,7.032,1.1,154.0,103.0,51.0,-0.11134684944192558,0.0991561181434599,0.089,3.2
Blake Wesley,POR,7.031,-0.1,155.0,327.0,-172.0,0.9443612847347372,-0.41666666666666663,0.038,0.3
Jordan Miller,LAC,7.029,0.8,156.0,134.0,22.0,0.15079793319549833,0.04008438818565396,0.125,3.5
Duop Reath,POR,7.018,0.1,157.0,246.0,-89.0,0.7598767277275602,-0.2236286919831224,0.103,0.6
Yves Missi,NOP,7.018,0.1,157.0,246.0,-89.0,0.7598767277275602,-0.2236286919831224,0.098,2.7
Drew Timme,LAL,7.0,0.0,159.0,282.0,-123.0,0.8362407708801767,-0.30590717299578063,0.092,0.4
Naji Marshall,DAL,6.997,0.8,160.0,134.0,26.0,0.13005901355341226,0.048523206751054815,0.095,4.3
Brandon Williams,DAL,6.989,0.9,161.0,122.0,39.0,0.03684459819160091,0.07067510548523209,0.083,2.5
Bilal Coulibaly,WAS,6.97,-0.1,162.0,327.0,-165.0,0.9048277191670107,-0.40189873417721517,0.031,1.0
Thomas Bryant,CLE,6.967,0.4,163.0,182.0,-19.0,0.4627350181941158,-0.05274261603375524,0.153,2.3
Ariel Hukporti,NYK,6.965,0.0,164.0,282.0,-118.0,0.813557577521645,-0.2953586497890296,0.115,1.2
Ryan Rollins,MIL,6.963,1.3,165.0,90.0,75.0,-0.33212451582275326,0.1508438818565401,0.069,3.4
Bez Mbeng,UTA,6.961,-0.4,166.0,429.0,-263.0,1.1630839543715439,-0.5696202531645569,0.047,0.5
Ja'Kobe Walter,TOR,6.952,0.6,167.0,156.0,11.0,0.2769542787093085,0.011603375527426185,0.121,3.7
Caris LeVert,DET,6.952,0.5,167.0,169.0,-2.0,0.36498396416059836,-0.015822784810126556,0.066,1.6
Jalen Suggs,ORL,6.951,1.8,169.0,56.0,113.0,-0.7800500379449852,0.23206751054852318,0.083,2.7
Santi Aldama,MEM,6.93,1.1,170.0,103.0,67.0,-0.17745215580107515,0.1329113924050633,0.092,2.3
Vince Williams Jr.,UTA,6.925,0.0,171.0,282.0,-111.0,0.7876339279690374,-0.28059071729957813,-0.013,0.0
Daniss Jenkins,DET,6.918,0.5,172.0,169.0,3.0,0.34294886204088204,-0.006329113924050611,0.095,2.9
Marvin Bagley III,DAL,6.912,0.3,173.0,195.0,-22.0,0.5151196855105704,-0.07067510548523209,0.165,1.6
Scottie Barnes,TOR,6.888,4.2,174.0,7.0,167.0,-2.933592236821298,0.3512658227848101,0.14,7.8
Jonathan Kuminga,ATL,6.873,0.2,175.0,219.0,-44.0,0.577873812648068,-0.12025316455696206,0.11,0.8
Zeke Nnaji,DEN,6.866,-0.3,176.0,409.0,-233.0,1.0134856012328106,-0.5116033755274262,0.066,0.9
Jalen Johnson,ATL,6.86,4.0,177.0,10.0,167.0,-2.7756794206055435,0.3523206751054852,0.141,7.5
Anthony Gill,WAS,6.859,-0.2,178.0,379.0,-201.0,0.9209192771098145,-0.45464135021097046,0.087,1.7
Ja Morant,MEM,6.858,0.1,179.0,246.0,-67.0,0.6561821295171297,-0.17827004219409287,0.024,0.3
Josh Okogie,HOU,6.841,0.3,180.0,195.0,-15.0,0.4691052075546921,-0.055907172995780574,0.095,2.7
De'Aaron Fox,SAS,6.834,2.4,181.0,34.0,147.0,-1.3840548255941014,0.30696202531645567,0.138,6.4
Tyler Smith,DAL,6.828,-0.1,182.0,327.0,-145.0,0.8127987632552541,-0.35970464135021096,0.043,0.1
Trendon Watford,PHI,6.827,0.0,183.0,282.0,-99.0,0.7241209865651488,-0.2552742616033756,0.078,1.4
Svi Mykhailiuk,UTA,6.825,0.1,184.0,246.0,-62.0,0.6347951186362288,-0.16772151898734183,0.048,1.1
Jared McCain,OKC,6.812,0.1,185.0,246.0,-61.0,0.6263699325316314,-0.1656118143459916,0.101,1.1
Jrue Holiday,POR,6.811,1.6,186.0,68.0,118.0,-0.6947234404765318,0.24472573839662445,0.109,3.6
Carter Bryant,SAS,6.807,-0.2,187.0,379.0,-192.0,0.8872185326914249,-0.4356540084388186,0.076,1.3
Jamal Cain,ORL,6.78,0.1,188.0,246.0,-58.0,0.6056310128895452,-0.15928270042194098,0.116,1.2
Landry Shamet,NYK,6.772,0.5,189.0,169.0,20.0,0.24832754117386435,0.02953586497890298,0.106,2.6
Luke Kennard,LAL,6.767,0.3,190.0,195.0,-5.0,0.4211464558823682,-0.0348101265822785,0.118,1.8
Malik Monk,SAC,6.766,0.2,191.0,219.0,-28.0,0.5085280500948426,-0.08649789029535865,0.034,1.0
Derrick White,BOS,6.763,3.5,192.0,11.0,181.0,-2.3983958435141677,0.37869198312236285,0.129,7.0
Bobby Portis,MIL,6.752,0.8,193.0,134.0,59.0,-0.028723339956309296,0.11814345991561181,0.083,2.8
Kenrich Williams,OKC,6.751,0.5,194.0,169.0,25.0,0.23471762515874545,0.04008438818565402,0.13,2.3
Ryan Dunn,PHX,6.74,0.4,195.0,182.0,13.0,0.3156183069830681,0.014767932489451518,0.093,2.6
Kel'el Ware,MIA,6.731,1.8,196.0,56.0,140.0,-0.9226301104843267,0.2890295358649789,0.175,6.2
Cam Spencer,MEM,6.713,1.8,197.0,56.0,141.0,-0.934295752783,0.2911392405063291,0.149,5.3
Branden Carlson,OKC,6.702,0.4,198.0,182.0,16.0,0.2909908399080907,0.02109704641350213,0.171,1.7
DeAndre Jordan,NOP,6.686,0.1,199.0,246.0,-47.0,0.5447104364409172,-0.13607594936708867,0.134,0.6
LJ Cryer,GSW,6.683,-0.2,200.0,379.0,-179.0,0.806855219078341,-0.40611814345991565,0.045,0.3
Aaron Nesmith,IND,6.683,-0.5,200.0,444.0,-244.0,1.0709442754322107,-0.5210970464135021,0.026,0.7
Daniel Gafford,DAL,6.683,0.8,200.0,134.0,66.0,-0.07344163543455737,0.13502109704641346,0.167,4.1
Leonard Miller,CHI,6.682,0.2,203.0,219.0,-16.0,0.4540883860343669,-0.06118143459915615,0.113,1.5
Quinten Post,GSW,6.667,0.3,204.0,195.0,9.0,0.3563373320008489,-0.0052742616033755185,0.078,1.9
Simone Fontecchio,MIA,6.657,0.7,205.0,141.0,64.0,-0.0022623221924622516,0.120253164556962,0.106,2.6
Jordan Goodwin,PHX,6.647,1.5,206.0,73.0,133.0,-0.7129807181909329,0.27109704641350213,0.118,3.9
Tyson Etienne,BKN,6.646,-0.1,207.0,327.0,-120.0,0.6948461577908893,-0.30696202531645567,0.069,0.5
Malaki Branham,WAS,6.645,0.0,208.0,282.0,-74.0,0.6061683811007841,-0.20253164556962028,0.064,0.4
Miles Bridges,CHA,6.635,1.9,209.0,54.0,155.0,-1.0728765548618746,0.3259493670886076,0.13,6.5
Jaime Jaquez Jr.,MIA,6.62,1.1,210.0,103.0,107.0,-0.37836043983378376,0.2172995780590717,0.094,4.2
Dylan Cardwell,SAC,6.609,0.0,211.0,282.0,-71.0,0.5828370965034375,-0.19620253164556967,0.122,2.3
Hunter Tyson,DEN,6.607,-0.2,212.0,379.0,-167.0,0.7576002849283868,-0.38291139240506333,-0.013,0.0
Brandin Podziemski,GSW,6.605,1.3,213.0,90.0,123.0,-0.564141179318591,0.2521097046413502,0.105,5.1
Max Strus,CLE,6.601,0.1,214.0,246.0,-32.0,0.48962268114162616,-0.1044303797468355,0.116,0.7
Sam Merrill,CLE,6.595,0.7,215.0,141.0,74.0,-0.042443978999004206,0.14135021097046413,0.127,3.7
Cooper Flagg,DAL,6.588,2.0,216.0,50.0,166.0,-1.1913665285374782,0.3470464135021097,0.078,3.8
Mike Conley,MIN,6.583,0.2,217.0,219.0,-2.0,0.389927353391663,-0.03164556962025317,0.092,1.9
Dominick Barlow,PHI,6.575,0.4,218.0,182.0,36.0,0.20868325257856174,0.06434599156118143,0.112,3.9
Mark Williams,PHX,6.575,1.4,218.0,83.0,135.0,-0.6716136019343366,0.2795358649789029,0.215,6.3
Craig Porter Jr.,CLE,6.57,1.2,220.0,98.0,122.0,-0.49879468722583287,0.25316455696202533,0.116,2.8
VJ Edgecombe,PHI,6.569,1.0,221.0,112.0,109.0,-0.3233834075620686,0.22151898734177217,0.081,4.4
Klay Thompson,DAL,6.569,0.2,221.0,219.0,2.0,0.38085407604825017,-0.022151898734177222,0.018,0.5
Will Richard,GSW,6.567,0.1,223.0,246.0,-23.0,0.46758757902190984,-0.08544303797468356,0.089,2.5
Donovan Clingan,POR,6.565,2.6,224.0,26.0,198.0,-1.734450739737967,0.41455696202531644,0.197,8.6
Tyrese Martin,PHI,6.555,-0.1,225.0,327.0,-102.0,0.635869855058707,-0.2689873417721519,-0.057,-0.1
PJ Hall,CHA,6.512,0.0,226.0,282.0,-56.0,0.5199722463383638,-0.1645569620253165,0.121,0.5
Jaylen Clark,MIN,6.504,-0.1,227.0,327.0,-100.0,0.6028172018791321,-0.26476793248945146,0.09,1.7
Josh Minott,BKN,6.501,0.4,228.0,182.0,46.0,0.16072450090623783,0.08438818565400846,0.08,0.5
Jamison Battle,TOR,6.493,-0.1,229.0,327.0,-98.0,0.5956881982521656,-0.26054852320675104,0.086,0.9
Derik Queen,NOP,6.487,0.6,230.0,156.0,74.0,-0.02440814733975464,0.14345991561181437,0.063,2.7
Mouhamed Gueye,ATL,6.479,0.2,231.0,219.0,12.0,0.3225258645548832,-0.0021097046413502407,0.11,2.7
Adem Bona,PHI,6.475,-0.3,232.0,409.0,-177.0,0.7600819268560715,-0.39345991561181437,0.112,2.9
Rudy Gobert,MIN,6.458,1.8,233.0,56.0,177.0,-1.0995590186808735,0.36708860759493667,0.176,8.7
Gary Payton II,GSW,6.449,1.1,234.0,103.0,131.0,-0.48918404167118135,0.26793248945147685,0.149,3.5
Jordan Walsh,BOS,6.429,0.7,235.0,141.0,94.0,-0.15002712464232537,0.18354430379746833,0.15,3.8
Jaylin Williams,OKC,6.422,1.5,236.0,73.0,163.0,-0.8588012469243509,0.33438818565400846,0.155,4.1
Marcus Smart,LAL,6.42,-0.1,237.0,327.0,-90.0,0.5483775378186564,-0.24367088607594933,0.054,2.0
Jordan Poole,NOP,6.412,-0.4,238.0,429.0,-191.0,0.8072818642620045,-0.4177215189873418,0.01,0.2
Sidy Cissoko,POR,6.411,-0.7,239.0,458.0,-219.0,1.0707228293770585,-0.4641350210970465,0.045,1.3
Bruce Brown,DEN,6.41,-0.2,240.0,379.0,-139.0,0.6299263108817944,-0.32383966244725737,0.071,2.9
Jarred Vanderbilt,LAL,6.398,0.1,241.0,246.0,-5.0,0.35806015966214244,-0.04746835443037978,0.079,1.8
Payton Pritchard,BOS,6.393,2.8,242.0,24.0,218.0,-2.0219818037167587,0.4588607594936709,0.16,8.5
OG Anunoby,NYK,6.389,2.3,243.0,38.0,205.0,-1.5844257414155705,0.4282700421940928,0.135,6.3
Ivica Zubac,IND,6.379,-0.1,244.0,327.0,-83.0,0.5218057970272334,-0.22890295358649781,0.064,0.2
Kevin Porter Jr.,MIL,6.373,1.3,245.0,90.0,155.0,-0.7144983467237151,0.319620253164557,0.106,2.8
Blake Hinson,UTA,6.367,0.1,246.0,246.0,0.0,0.33796933125887174,-0.03691983122362874,0.112,0.7
Jerami Grant,POR,6.362,0.9,247.0,122.0,125.0,-0.3695086085455229,0.2542194092827005,0.114,4.0
Jalen Slawson,IND,6.362,0.1,247.0,246.0,1.0,0.33472887506479587,-0.03270042194092826,0.07,0.5
Tyler Burton,MEM,6.362,-0.3,247.0,409.0,-162.0,0.6868476168699553,-0.35970464135021096,0.023,0.1
Jeremiah Fears,NOP,6.355,-0.4,250.0,429.0,-179.0,0.770340663649539,-0.3924050632911392,0.015,0.6
Pat Connaughton,CHA,6.349,0.2,251.0,219.0,32.0,0.2382740035089086,0.04113924050632911,0.113,0.7
Darius Garland,LAC,6.349,0.5,251.0,169.0,82.0,-0.02581505284496094,0.16139240506329117,0.104,1.2
Asa Newell,ATL,6.345,0.1,253.0,246.0,7.0,0.3237113240049374,-0.022151898734177222,0.113,1.2
James Harden,CLE,6.322,1.3,254.0,90.0,164.0,-0.7475509999032899,0.3386075949367089,0.158,2.9
Ochai Agbaji,BKN,6.321,-0.1,255.0,327.0,-72.0,0.4842165051759525,-0.20569620253164556,0.042,0.3
Brook Lopez,LAC,6.317,0.5,256.0,169.0,87.0,-0.04655397248704703,0.17088607594936706,0.068,2.3
AJ Johnson,DAL,6.314,-0.3,257.0,409.0,-152.0,0.6557392374068262,-0.3407172995780591,-0.049,-0.2
Aaron Holiday,HOU,6.294,-0.1,258.0,327.0,-69.0,0.4667180417279423,-0.1993670886075949,0.088,1.4
Bam Adebayo,MIA,6.291,2.4,259.0,34.0,225.0,-1.735968368270749,0.4715189873417721,0.129,6.4
Pete Nance,MIL,6.286,-0.1,260.0,327.0,-67.0,0.4615333118174208,-0.19514767932489452,0.072,1.1
DeJon Jarreau,MEM,6.276,-0.2,261.0,379.0,-118.0,0.5430820848805588,-0.2795358649789029,-0.035,-0.2
Maxime Raynaud,SAC,6.27,-0.2,262.0,379.0,-117.0,0.5391935374476675,-0.27742616033755274,0.088,3.6
Charles Bassey,GSW,6.269,0.1,263.0,246.0,17.0,0.2744563898549832,-0.0010548523206751481,0.233,0.5
Khris Middleton,DAL,6.259,-0.4,264.0,429.0,-165.0,0.7081239047232808,-0.3628691983122363,0.008,0.1
RJ Barrett,TOR,6.251,1.0,265.0,112.0,153.0,-0.5294764215052987,0.3132911392405063,0.111,4.0
Jaxson Hayes,LAL,6.231,1.0,266.0,112.0,154.0,-0.5424382462816028,0.3154008438818566,0.199,5.0
Rasheer Fleming,PHX,6.225,-0.3,267.0,409.0,-142.0,0.598059117152274,-0.319620253164557,0.055,0.8
Tre Johnson,WAS,6.213,-1.1,268.0,467.0,-199.0,1.2945195058968109,-0.41983122362869196,-0.024,-0.7
Cormac Ryan,MIL,6.201,0.1,269.0,246.0,23.0,0.23038618561555002,0.011603375527426074,0.114,0.6
Jaden Hardy,WAS,6.197,-0.4,270.0,429.0,-159.0,0.6679422479167388,-0.35021097046413496,-0.03,-0.3
Jamal Shead,TOR,6.196,-0.1,271.0,327.0,-56.0,0.40320510032405377,-0.17194092827004215,0.07,2.7
Luguentz Dort,OKC,6.173,0.0,272.0,282.0,-10.0,0.30026931638001475,-0.06751054852320681,0.078,3.0
Spencer Jones,DEN,6.171,-0.1,273.0,327.0,-54.0,0.3870028193536744,-0.16772151898734178,0.089,2.6
Zach Edey,MEM,6.149,0.2,274.0,219.0,55.0,0.10865575574587055,0.08860759493670889,0.134,0.8
Ben Sheppard,IND,6.147,-0.4,275.0,429.0,-154.0,0.6355376859759794,-0.3396624472573839,0.05,1.4
Will Riley,WAS,6.144,-1.0,276.0,466.0,-190.0,1.1617715249672727,-0.4008438818565401,0.012,0.4
Steven Adams,HOU,6.133,0.3,277.0,195.0,82.0,0.010256610473537653,0.14873417721518983,0.141,2.1
Julian Reese,WAS,6.127,-0.3,278.0,409.0,-131.0,0.5345461757483855,-0.29641350210970463,0.041,0.3
Baylor Scheierman,BOS,6.122,0.9,279.0,122.0,157.0,-0.5250505058611686,0.319620253164557,0.129,3.8
Tony Bradley,ATL,6.12,0.0,280.0,282.0,-2.0,0.26592048072280977,-0.05063291139240511,0.061,0.0
Andre Jackson Jr.,MIL,6.116,-0.5,281.0,444.0,-163.0,0.703476543023998,-0.3512658227848101,-0.047,-0.4
Russell Westbrook,SAC,6.116,0.7,281.0,141.0,140.0,-0.35287968239148015,0.28164556962025317,0.009,0.4
Jalen Brunson,NYK,6.115,3.3,283.0,17.0,266.0,-2.6422995953638306,0.560126582278481,0.163,8.8
Drew Eubanks,SAC,6.104,-0.2,284.0,379.0,-95.0,0.43161039180434635,-0.2310126582278481,0.053,0.6
Kennedy Chandler,UTA,6.094,-0.3,285.0,409.0,-124.0,0.5131591648674845,-0.2816455696202532,0.029,0.2
Moritz Wagner,ORL,6.064,0.0,286.0,282.0,4.0,0.22962737134915912,-0.03797468354430389,0.104,0.9
Dyson Daniels,ATL,6.061,2.1,287.0,43.0,244.0,-1.6209402968443736,0.5084388185654009,0.126,6.6
Peyton Watson,DEN,6.046,0.3,288.0,195.0,93.0,-0.046127327303383675,0.1719409282700422,0.078,2.6
Harrison Barnes,SAS,6.04,1.0,289.0,112.0,177.0,-0.6662236728953039,0.3639240506329114,0.117,4.8
Lachlan Olbrich,CHI,5.993,-0.1,290.0,327.0,-37.0,0.27164257884457066,-0.13185654008438819,0.075,0.5
RayJ Dennis,ATL,5.983,-0.1,291.0,327.0,-36.0,0.2651616664564183,-0.12869198312236285,0.017,0.0
Doug McDermott,SAC,5.983,-0.3,291.0,409.0,-118.0,0.44122103735899804,-0.26793248945147685,0.018,0.2
Buddy Hield,ATL,5.972,0.0,293.0,282.0,11.0,0.1700029773781619,-0.02320675105485237,0.044,0.0
Zaccharie Risacher,ATL,5.959,-0.2,294.0,379.0,-85.0,0.33763716217614353,-0.20991561181434604,0.074,2.3
Isaiah Jackson,LAC,5.956,0.3,295.0,195.0,100.0,-0.10445553879675065,0.1867088607594936,0.213,1.2
Shaedon Sharpe,POR,5.942,0.2,296.0,219.0,77.0,-0.02549913068887366,0.13502109704641352,0.041,1.3
CJ McCollum,ATL,5.936,0.9,297.0,122.0,175.0,-0.6455954762807938,0.3575949367088608,0.082,2.0
Pascal Siakam,IND,5.934,1.4,298.0,83.0,215.0,-1.0870400860148732,0.4472573839662447,0.062,2.6
Herbert Jones,NOP,5.922,-0.5,299.0,444.0,-145.0,0.5777468426938511,-0.3143459915611815,0.022,0.7
Tristan da Silva,ORL,5.919,0.7,300.0,141.0,159.0,-0.4805536564380726,0.3206751054852321,0.084,3.3
Jevon Carter,ORL,5.909,0.1,301.0,246.0,55.0,0.0411435438815147,0.07911392405063289,0.05,0.6
Al Horford,GSW,5.907,0.9,302.0,122.0,180.0,-0.6643901222064343,0.3681434599156118,0.105,2.1
Naz Reid,MIN,5.893,1.5,303.0,73.0,230.0,-1.2016415122575863,0.47573839662447254,0.097,4.0
Khaman Maluach,PHX,5.888,-0.2,304.0,379.0,-75.0,0.2916226842202652,-0.18881856540084385,0.099,0.8
Cam Thomas,MIL,5.874,-0.3,305.0,409.0,-104.0,0.3705790923281424,-0.23945147679324896,-0.028,-0.2
Julian Champagnie,SAS,5.865,1.9,306.0,54.0,252.0,-1.5719068087495704,0.5305907172995781,0.132,6.2
Reed Sheppard,HOU,5.845,2.5,307.0,30.0,277.0,-2.1130467462336138,0.5812236286919831,0.131,5.9
Isaiah Crawford,HOU,5.841,0.0,308.0,282.0,26.0,0.08510302509337186,0.00843881856540074,0.069,0.1
Keon Ellis,CLE,5.837,0.6,309.0,156.0,153.0,-0.44566745256962825,0.31012658227848106,0.121,1.8
Andrew Wiggins,MIA,5.834,1.7,310.0,63.0,247.0,-1.4159382662502622,0.5168776371308017,0.106,4.6
Kam Jones,IND,5.82,-0.6,311.0,453.0,-142.0,0.5996712217859919,-0.30379746835443044,0.002,0.0
Max Christie,DAL,5.818,0.3,312.0,195.0,117.0,-0.19389212975324735,0.22362869198312235,0.058,2.7
Justin Champagnie,WAS,5.818,0.6,312.0,156.0,156.0,-0.4579811861071169,0.31751054852320676,0.109,3.1
John Poulakidas,DAL,5.817,0.0,314.0,282.0,32.0,0.06954883536180728,0.02215189873417711,0.095,0.5
Caleb Houstan,ATL,5.817,0.0,314.0,282.0,32.0,0.06954883536180728,0.02215189873417711,0.16,0.2
Cole Anthony,MIL,5.806,-0.4,316.0,429.0,-113.0,0.41453857353999957,-0.25316455696202533,-0.042,-0.5
Jabari Smith Jr.,HOU,5.777,0.9,317.0,122.0,195.0,-0.7486419832524089,0.39978902953586504,0.118,6.6
Jonathan Mogbo,TOR,5.776,0.1,318.0,246.0,72.0,-0.04505259088090552,0.11497890295358648,0.12,0.6
Dalen Terry,PHI,5.766,0.0,319.0,282.0,37.0,0.03649618218223255,0.03164556962025311,0.074,0.3
Javonte Cooke,POR,5.76,-0.2,320.0,379.0,-59.0,0.20866700565192087,-0.15506329113924056,-0.175,-0.3
Moussa Cisse,DAL,5.757,-0.1,321.0,327.0,-6.0,0.11869304648418544,-0.06645569620253167,0.116,1.3
Ousmane Dieng,MIL,5.755,-0.5,322.0,444.0,-122.0,0.4695156058117146,-0.26582278481012656,-0.02,-0.3
Sharife Cooper,WAS,5.716,-0.3,323.0,409.0,-86.0,0.2681806765953427,-0.20147679324894519,0.041,0.6
Ethan Thompson,IND,5.713,-0.5,324.0,444.0,-120.0,0.44229577378147666,-0.2616033755274262,0.02,0.3
E.J. Liddell,BKN,5.704,-0.1,325.0,327.0,-2.0,0.0843442108269804,-0.058016877637130815,0.074,0.5
Paul George,PHI,5.702,1.1,326.0,103.0,223.0,-0.973308197066128,0.4620253164556962,0.108,2.5
Myles Turner,MIL,5.689,0.5,327.0,169.0,158.0,-0.45355527046298627,0.3206751054852321,0.076,3.0
Jeremy Sochan,NYK,5.681,0.2,328.0,219.0,109.0,-0.19465094401963828,0.20253164556962022,0.239,0.6
Jett Howard,ORL,5.674,0.0,329.0,282.0,47.0,-0.023128211788764674,0.052742616033755185,0.087,1.3
Taj Gibson,MEM,5.666,0.0,330.0,282.0,48.0,-0.02831294169928622,0.05485232067510548,0.134,0.3
Dwight Powell,DAL,5.661,0.1,331.0,246.0,85.0,-0.11958308334465245,0.14240506329113922,0.138,2.6
Keaton Wallace,ATL,5.659,-0.1,332.0,327.0,5.0,0.055180105080296915,-0.043248945147679296,0.066,0.7
Kobe Bufkin,LAL,5.652,-0.2,333.0,379.0,-46.0,0.1386731518598806,-0.12763713080168781,-0.056,-0.1
Nickeil Alexander-Walker,ATL,5.651,2.1,334.0,43.0,291.0,-1.8866577047586013,0.6075949367088608,0.116,6.3
Jeff Green,HOU,5.646,-0.2,335.0,379.0,-44.0,0.13478460442698925,-0.12341772151898733,0.054,0.2
Olivier-Maxence Prosper,MEM,5.641,0.5,336.0,169.0,167.0,-0.48466364992611544,0.339662447257384,0.119,2.4
Gradey Dick,TOR,5.636,-0.4,337.0,429.0,-92.0,0.30436306294141735,-0.2088607594936709,0.064,1.4
Cam Whitmore,WAS,5.627,-0.1,338.0,327.0,11.0,0.03444118543821084,-0.030590717299578074,-0.002,0.0
Kelly Olynyk,SAS,5.621,0.2,339.0,219.0,120.0,-0.23353641834854938,0.2257383966244726,0.13,1.0
Isaiah Collier,UTA,5.619,-0.2,340.0,379.0,-39.0,0.11728614097897905,-0.1128691983122363,0.053,1.7
P.J. Washington,DAL,5.604,0.2,341.0,219.0,122.0,-0.24455396940840785,0.22995780590717296,0.046,1.7
Jae'Sean Tate,HOU,5.597,-0.2,342.0,379.0,-37.0,0.10302813372504538,-0.10864978902953593,0.095,0.8
Kyle Lowry,PHI,5.592,-0.3,343.0,409.0,-66.0,0.18781736298225882,-0.15928270042194093,-0.062,-0.2
Nique Clifford,SAC,5.588,-1.4,344.0,472.0,-128.0,1.1535515379911867,-0.27004219409282704,-0.014,-0.6
Cody Williams,UTA,5.578,-1.5,345.0,473.0,-128.0,1.235100311054325,-0.27004219409282704,0.004,0.1
De'Anthony Melton,GSW,5.574,-0.1,346.0,327.0,19.0,9.234978100580715e-05,-0.01371308016877637,0.031,0.7
Matas Buzelis,CHI,5.569,0.5,347.0,169.0,178.0,-0.5313262191208091,0.36286919831223635,0.055,2.6
Tyler Herro,MIA,5.568,1.1,348.0,103.0,245.0,-1.0601524230673638,0.5084388185654009,0.112,2.4
Alijah Martin,TOR,5.567,-0.1,349.0,327.0,22.0,-0.004444288890700254,-0.007383966244725704,0.015,0.0
Jake LaRavia,LAL,5.562,0.4,350.0,182.0,168.0,-0.4478331723412254,0.34177215189873417,0.089,3.8
Keegan Murray,SAC,5.554,-0.2,351.0,379.0,-28.0,0.07516021045599208,-0.08966244725738404,0.011,0.2
Micah Potter,IND,5.552,0.6,352.0,156.0,196.0,-0.6303734556319575,0.40084388185654013,0.135,2.6
Jamir Watkins,WAS,5.528,-0.3,353.0,409.0,-56.0,0.14633952369808667,-0.13818565400843885,0.049,1.1
Josh Giddey,CHI,5.523,2.0,354.0,50.0,304.0,-1.8815836978756555,0.6381856540084387,0.09,3.2
Bennedict Mathurin,LAC,5.509,0.0,355.0,282.0,73.0,-0.13006326619327102,0.10759493670886067,0.092,1.4
Kobe Brown,IND,5.496,-0.1,356.0,327.0,29.0,-0.05045876684657857,0.007383966244725815,0.07,1.0
Collin Gillespie,PHX,5.465,2.6,357.0,26.0,331.0,-2.447351102434676,0.6951476793248945,0.13,6.2
Jabari Walker,PHI,5.464,-0.1,358.0,327.0,31.0,-0.07119768648866465,0.011603375527426185,0.106,1.7
Anthony Black,ORL,5.46,0.7,359.0,141.0,218.0,-0.7780275350542445,0.44514767932489446,0.067,2.6
Royce O'Neale,PHX,5.454,1.5,360.0,73.0,287.0,-1.4861535660974545,0.5959915611814346,0.1,4.6
Dillon Brooks,PHX,5.44,-0.1,361.0,327.0,34.0,-0.08675187622022917,0.017932489451476852,0.058,2.1
Caleb Martin,DAL,5.436,0.0,362.0,282.0,80.0,-0.1773739266267801,0.12236286919831219,0.048,0.9
Taylor Hendricks,MEM,5.434,0.1,363.0,246.0,117.0,-0.2666997945557002,0.20991561181434593,0.061,0.8
Jaden Ivey,CHI,5.428,0.1,364.0,246.0,118.0,-0.27058834198859144,0.21308016877637126,0.11,0.3
Thanasis Antetokounmpo,MIL,5.428,0.0,364.0,282.0,82.0,-0.18255865653730163,0.1276371308016877,0.076,0.2
Mohamed Diawara,NYK,5.427,0.0,366.0,282.0,84.0,-0.18320674777611712,0.13080168776371304,0.072,0.9
Curtis Jones,DEN,5.42,0.0,367.0,282.0,85.0,-0.18774338644782318,0.13291139240506322,0.072,0.1
Mac McClung,CHI,5.403,-0.1,368.0,327.0,41.0,-0.11073125205639178,0.03270042194092826,-0.005,0.0
Paolo Banchero,ORL,5.402,2.1,369.0,43.0,326.0,-2.0480324232235834,0.6814345991561181,0.095,5.0
Bryce McGowens,NOP,5.394,-0.2,370.0,379.0,-9.0,-0.028534387754438395,-0.04957805907172996,0.094,1.7
Kelly Oubre Jr.,PHI,5.392,0.2,371.0,219.0,152.0,-0.3819493120372279,0.2932489451476793,0.083,2.7
Tristan Vukcevic,WAS,5.386,0.3,372.0,195.0,177.0,-0.47386754492140903,0.34915611814345987,0.054,0.8
Rayan Rupert,MEM,5.382,-0.4,373.0,429.0,-56.0,0.13974788828235885,-0.13291139240506322,0.041,0.4
Jaylen Wells,MEM,5.375,-0.5,374.0,444.0,-70.0,0.22324093506194254,-0.1561181434599156,0.042,1.6
Tari Eason,HOU,5.373,0.2,375.0,219.0,156.0,-0.39426304557471653,0.3027426160337553,0.091,2.9
Julian Phillips,MIN,5.373,-0.1,375.0,327.0,48.0,-0.130173989220847,0.048523206751054926,0.041,0.1
Terance Mann,BKN,5.367,-0.6,377.0,453.0,-76.0,0.30608589060271074,-0.16455696202531656,0.056,1.8
Onyeka Okongwu,ATL,5.36,1.6,378.0,68.0,310.0,-1.635103827997372,0.649789029535865,0.125,6.0
Drake Powell,BKN,5.348,-1.3,379.0,471.0,-92.0,0.9099799552242511,-0.19409282700421937,-0.003,-0.1
De'Andre Hunter,SAC,5.312,-0.2,380.0,379.0,1.0,-0.08167786933728383,-0.02848101265822789,-0.225,-0.2
Josh Hart,NYK,5.309,2.5,381.0,30.0,351.0,-2.460423650238555,0.7373417721518987,0.147,6.1
John Konchar,UTA,5.284,0.3,382.0,195.0,187.0,-0.5399728512805585,0.37025316455696206,0.1,1.4
Ace Bailey,UTA,5.263,-1.2,383.0,468.0,-85.0,0.7668625144736702,-0.18143459915611815,-0.001,-0.1
Lindy Waters III,SAS,5.261,-0.1,384.0,327.0,57.0,-0.20276020796814842,0.06645569620253167,0.063,0.4
Johnny Furphy,IND,5.255,-0.3,385.0,409.0,-24.0,-0.030589384498459937,-0.07067510548523215,0.036,0.5
Liam McNeeley,CHA,5.254,0.1,386.0,246.0,140.0,-0.3833562175424347,0.25843881856540085,0.112,0.9
TyTy Washington Jr.,LAC,5.247,0.1,387.0,246.0,141.0,-0.3878928562141409,0.26054852320675104,0.121,0.2
Antonio Reeves,CHA,5.239,0.1,388.0,246.0,142.0,-0.3930775861246624,0.2626582278481012,0.13,0.2
Tyus Jones,DEN,5.217,-0.1,389.0,327.0,62.0,-0.23127622247601698,0.0770042194092827,-0.026,-0.1
Patrick Williams,CHI,5.208,-0.9,390.0,465.0,-75.0,0.46712843998496556,-0.15822784810126578,-0.005,-0.1
Ziaire Williams,BKN,5.205,0.1,391.0,246.0,145.0,-0.4151126882443787,0.2689873417721519,0.059,1.6
Cameron Johnson,DEN,5.204,0.6,392.0,156.0,236.0,-0.8559092067396433,0.48523206751054854,0.108,3.7
Rui Hachimura,LAL,5.2,-0.1,393.0,327.0,66.0,-0.2422937735358749,0.08544303797468356,0.08,3.2
Caleb Love,POR,5.197,-0.3,394.0,409.0,-15.0,-0.06817867634974084,-0.05168776371308026,0.031,0.6
Devin Carter,SAC,5.193,-0.1,395.0,327.0,68.0,-0.24683041220758162,0.08966244725738404,0.012,0.2
Ben Saraf,BKN,5.185,-1.2,396.0,468.0,-72.0,0.7163113978460851,-0.15295358649789026,-0.057,-1.1
Luke Travers,CLE,5.185,0.0,396.0,282.0,114.0,-0.340044827569393,0.19514767932489452,0.024,0.1
Christian Koloko,ATL,5.181,-0.2,398.0,379.0,19.0,-0.1665778216220738,0.009493670886075889,0.05,0.2
Scoot Henderson,POR,5.165,0.0,399.0,282.0,117.0,-0.3530066523456965,0.20042194092827004,0.064,1.0
Gabe Vincent,ATL,5.138,-0.1,400.0,327.0,73.0,-0.28247543034241684,0.10021097046413507,0.049,0.3
DeMar DeRozan,SAC,5.134,1.1,401.0,103.0,298.0,-1.3414240207131556,0.620253164556962,0.112,5.6
Seth Curry,GSW,5.13,0.1,402.0,246.0,156.0,-0.46371953115551806,0.29219409282700415,0.152,0.4
Taelon Peter,IND,5.119,-0.3,403.0,409.0,-6.0,-0.11872979297732578,-0.03270042194092826,-0.001,0.0
Gary Trent Jr.,MIL,5.118,-1.2,404.0,468.0,-64.0,0.672889284845468,-0.1371308016877637,-0.002,-0.1
Miles Kelly,DAL,5.095,-0.1,405.0,327.0,78.0,-0.31034335361147014,0.11075949367088611,0.013,0.0
Killian Hayes,SAC,5.092,-0.4,406.0,429.0,-23.0,-0.04819857097404612,-0.06329113924050633,-0.031,-0.3
Noah Penda,ORL,5.089,0.1,407.0,246.0,161.0,-0.4902912719469405,0.3027426160337552,0.07,1.1
Jarace Walker,IND,5.044,-0.2,408.0,379.0,29.0,-0.2553663213397551,0.030590717299578074,0.013,0.5
Kawhi Leonard,LAC,5.001,5.3,409.0,3.0,406.0,-5.124866944429749,0.8565400843881856,0.212,9.2
Kevin Love,UTA,4.996,0.3,410.0,195.0,215.0,-0.7266231280593328,0.4293248945147679,0.088,1.1
Jalen Wilson,BKN,4.995,-0.8,411.0,461.0,-50.0,0.24105532066604018,-0.10864978902953593,0.012,0.2
Gui Santos,GSW,4.961,0.5,412.0,169.0,243.0,-0.9253656923204443,0.5,0.094,2.7
Justin Edwards,PHI,4.956,0.2,413.0,219.0,194.0,-0.6645170921606507,0.3818565400843882,0.086,1.7
Alex Sarr,WAS,4.955,0.9,414.0,122.0,292.0,-1.2813729815584949,0.6044303797468354,0.059,1.6
Toumani Camara,POR,4.934,0.7,415.0,141.0,274.0,-1.118923526671034,0.5632911392405062,0.084,4.8
Tim Hardaway Jr.,DEN,4.931,0.7,416.0,141.0,275.0,-1.1208678003874797,0.5654008438818565,0.1,4.4
Michael Porter Jr.,BKN,4.917,2.1,417.0,43.0,374.0,-2.3623566740489506,0.7827004219409283,0.083,2.9
Rob Dillingham,CHI,4.914,-0.8,418.0,461.0,-43.0,0.18855993032200957,-0.09388185654008441,-0.044,-0.6
Brooks Barnhizer,OKC,4.873,-0.1,419.0,327.0,92.0,-0.454219608628442,0.14029535864978904,0.082,0.6
Guerschon Yabusele,CHI,4.871,0.1,420.0,246.0,174.0,-0.6315751620086518,0.3301687763713079,0.074,1.0
Zach LaVine,SAC,4.843,0.2,421.0,219.0,202.0,-0.7377514021467675,0.3987341772151899,0.051,1.3
Kevon Looney,NOP,4.791,0.0,422.0,282.0,140.0,-0.5953927756625772,0.24894514767932485,0.109,0.7
Garrison Mathews,IND,4.787,0.0,423.0,282.0,141.0,-0.5979851406178383,0.25105485232067504,0.097,0.4
Brice Sensabaugh,UTA,4.773,-0.3,424.0,409.0,15.0,-0.34296936160738145,0.011603375527426074,0.029,1.1
Kevin McCullar Jr.,NYK,4.772,0.0,425.0,282.0,143.0,-0.607706509200066,0.2552742616033755,0.059,0.2
Nicolas Batum,LAC,4.757,0.3,426.0,195.0,231.0,-0.8815169341361636,0.4630801687763713,0.066,1.8
Julian Strawther,DEN,4.743,-0.1,427.0,327.0,100.0,-0.5384714696744166,0.15717299578059074,0.071,1.3
Christian Braun,DEN,4.718,0.3,428.0,195.0,233.0,-0.9067924924499559,0.4672995780590717,0.103,3.0
Nick Smith Jr.,LAL,4.706,-0.3,429.0,409.0,20.0,-0.38639147460799883,0.022151898734177222,0.013,0.1
Johnny Juzang,MIN,4.67,0.0,430.0,282.0,148.0,-0.6738118155592154,0.26582278481012656,0.038,0.1
Andrew Nembhard,IND,4.625,0.6,431.0,156.0,275.0,-1.231154034013638,0.5675105485232068,0.077,2.8
Larry Nance Jr.,CLE,4.595,-0.2,432.0,379.0,53.0,-0.5463592875677753,0.08122362869198307,0.06,0.6
Kyshawn George,WAS,4.58,0.3,433.0,195.0,238.0,-0.9962290834064519,0.4778481012658227,0.022,0.6
Kentavious Caldwell-Pope,MEM,4.557,-0.1,434.0,327.0,107.0,-0.6590164400940417,0.17194092827004226,0.032,0.7
Andre Drummond,PHI,4.517,0.4,435.0,182.0,253.0,-1.1250885169030986,0.5210970464135021,0.133,3.4
Nigel Hayes-Davis,PHX,4.502,-0.3,436.0,409.0,27.0,-0.518602087326298,0.03691983122362863,-0.023,-0.1
Gary Harris,MIL,4.489,-0.1,437.0,327.0,110.0,-0.7030866443334751,0.17827004219409281,0.054,0.7
Dalton Knecht,LAL,4.478,-0.2,438.0,379.0,59.0,-0.6221859625091525,0.09388185654008441,0.038,0.4
Malevy Leons,GSW,4.469,-0.1,439.0,327.0,112.0,-0.7160484691097786,0.1824894514767933,0.087,0.5
Yang Hansen,POR,4.399,-0.6,440.0,453.0,-13.0,-0.321266428570393,-0.03164556962025322,-0.075,-0.5
Jordan Hawkins,NOP,4.377,-0.7,441.0,458.0,-17.0,-0.24749475037303736,-0.03797468354430389,-0.029,-0.4
Bub Carrington,WAS,4.325,-1.6,442.0,474.0,-32.0,0.5110716742701815,-0.0675105485232067,-0.009,-0.4
Adou Thiero,LAL,4.317,-0.1,443.0,327.0,116.0,-0.8145583374096874,0.19092827004219415,0.071,0.2
Dorian Finney-Smith,HOU,4.299,-0.4,444.0,429.0,15.0,-0.5621349233544912,0.016877637130801704,0.042,0.5
Jeremiah Robinson-Earl,DAL,4.297,0.0,445.0,282.0,163.0,-0.9155498476372814,0.29746835443037967,0.097,0.1
Leaky Black,WAS,4.203,-0.4,446.0,429.0,17.0,-0.6243516822807493,0.021097046413502185,0.004,0.0
Pat Spencer,GSW,4.197,-0.1,447.0,327.0,120.0,-0.8923292860675103,0.199367088607595,0.056,1.4
Jamal Murray,DEN,4.151,4.1,448.0,9.0,439.0,-4.619388272007182,0.9261603375527426,0.173,9.5
Jahmai Mashack,MEM,4.144,-0.8,449.0,461.0,-12.0,-0.31047032356568627,-0.02848101265822789,-0.036,-0.5
Jahmir Young,MIA,4.118,-0.1,450.0,327.0,123.0,-0.9435284939339101,0.20569620253164556,0.016,0.0
Bronny James,LAL,4.116,-0.2,451.0,379.0,72.0,-0.8567949909602511,0.12130801687763715,0.018,0.1
Nick Richards,CHI,4.099,-0.4,452.0,429.0,23.0,-0.6917531711175293,0.03375527426160341,0.04,0.4
Keyonte George,UTA,4.018,1.3,453.0,90.0,363.0,-2.2407532141334876,0.7584388185654009,0.088,3.3
Mason Plumlee,SAS,3.998,0.0,454.0,282.0,172.0,-1.1093291280430229,0.31645569620253156,0.156,0.2
Maxi Kleber,LAL,3.981,-0.2,455.0,379.0,76.0,-0.9442873082003017,0.129746835443038,0.063,0.6
Koby Brea,PHX,3.878,0.0,456.0,282.0,174.0,-1.1871000767008457,0.32067510548523204,0.117,0.2
Noah Clowney,BKN,3.55,-0.6,457.0,453.0,4.0,-0.8714958903244892,0.00421940928270037,0.029,1.1
Jordan McLaughlin,SAS,3.532,0.2,458.0,219.0,239.0,-1.5873990162334812,0.47679324894514763,0.1,0.6
Tre Mann,CHA,3.492,-0.5,459.0,444.0,15.0,-0.9971148676270597,0.02320675105485237,-0.003,0.0
Isaiah Livers,PHX,3.49,0.0,460.0,282.0,178.0,-1.4385594773611392,0.3291139240506329,0.057,0.4
Dejounte Murray,NOP,3.449,0.3,461.0,195.0,266.0,-1.7292202745064318,0.5369198312236287,0.072,0.6
Oscar Tshiebwe,UTA,3.437,0.0,462.0,282.0,180.0,-1.4729083130183445,0.33333333333333326,0.141,1.3
Garrett Temple,TOR,3.4,-0.1,463.0,327.0,136.0,-1.4088580034032168,0.2331223628691983,-0.022,0.0
Chris Paul,LAC,3.3,-0.1,464.0,327.0,137.0,-1.4736671272847357,0.2352320675105486,0.017,0.1
Johni Broome,PHI,3.277,-0.2,465.0,379.0,86.0,-1.4005435403261948,0.15084388185654007,-0.212,-0.2
Bobi Klintman,DET,3.272,-0.1,466.0,327.0,139.0,-1.4918136819715608,0.23945147679324896,-0.043,-0.1
Elijah Harkless,UTA,3.21,-0.5,467.0,444.0,23.0,-1.1798765969729432,0.04008438818565396,0.005,0.1
Kyle Filipowski,UTA,2.995,0.4,468.0,182.0,286.0,-2.111483382379818,0.5907172995780592,0.082,3.1
Trey Murphy III,NOP,2.784,2.6,469.0,26.0,443.0,-4.184883713698199,0.9314345991561181,0.123,6.0
Joe Ingles,MIN,2.726,0.1,470.0,246.0,224.0,-2.021730869267234,0.4356540084388185,0.12,0.4
Taurean Prince,MIL,2.66,-0.2,471.0,379.0,92.0,-1.8004158346751669,0.1635021097046413,0.039,0.5
Trae Young,WAS,2.282,0.2,472.0,219.0,253.0,-2.3975130647524683,0.5063291139240507,0.202,0.4
Domantas Sabonis,SAC,1.955,0.4,473.0,182.0,291.0,-2.785498270747615,0.6012658227848102,0.095,1.1
Bismack Biyombo,SAS,1.053,-0.1,474.0,327.0,147.0,-2.929928140902467,0.25632911392405067,0.057,0.2
